created_at,entry_id,field1,field2,field3,field4,field5,latitude,longitude,elevation,status
2026-02-10T00:36:00+00:00,1,76.9,86.2,76.4,99.9,97.4,,,,
2026-02-10T00:42:00+00:00,2,77.2,88.0,77.5,99.9,97.3,,,,
2026-02-10T00:48:01+00:00,3,77.1,87.4,77.2,99.9,97.3,,,,
2026-02-10T00:54:01+00:00,4,77.3,86.9,76.6,99.9,97.4,,,,
2026-02-10T01:00:03+00:00,5,76.3,83.6,73.7,99.9,97.3,,,,
2026-02-10T01:06:01+00:00,6,76.8,83.0,73.8,99.9,97.3,,,,
2026-02-10T01:12:01+00:00,7,76.3,83.3,73.1,99.9,97.4,,,,
2026-02-10T01:18:01+00:00,8,75.4,81.1,71.8,99.9,97.2,,,,
2026-02-10T01:24:01+00:00,9,75.4,80.1,71.3,99.9,97.1,,,,
2026-02-10T01:30:01+00:00,10,74.0,77.1,69.5,99.9,97.0,,,,
2026-02-10T01:36:01+00:00,11,74.3,76.2,69.1,99.9,97.2,,,,
2026-02-10T01:42:01+00:00,12,73.0,77.2,68.2,99.9,97.2,,,,
2026-02-10T01:48:01+00:00,13,73.5,79.3,69.6,99.9,97.4,,,,
2026-02-10T01:54:01+00:00,14,72.6,74.2,66.7,99.9,97.2,,,,
2026-02-10T02:00:03+00:00,15,71.3,72.9,64.2,99.8,97.0,,,,
2026-02-10T02:06:01+00:00,16,71.1,70.2,63.0,99.5,97.0,,,,
2026-02-10T02:12:02+00:00,17,70.7,72.1,63.1,99.4,97.0,,,,
2026-02-10T02:18:01+00:00,18,70.2,70.7,62.4,97.1,,,,,
2026-02-10T02:24:01+00:00,19,70.1,68.7,61.5,96.3,97.4,,,,
2026-02-10T02:30:03+00:00,20,68.1,66.0,59.2,95.3,97.4,,,,
2026-02-10T02:36:01+00:00,21,69.2,67.4,62.3,95.7,97.3,,,,
2026-02-10T02:42:01+00:00,22,68.7,66.9,61.4,96.3,97.1,,,,
2026-02-10T02:48:01+00:00,23,67.3,66.9,60.6,93.4,97.2,,,,
2026-02-10T02:54:01+00:00,24,68.7,68.7,62.7,92.7,97.2,,,,
2026-02-10T03:00:04+00:00,25,68.5,67.7,61.5,92.7,96.2,,,,
2026-02-10T03:06:01+00:00,26,68.3,67.1,60.5,92.0,95.4,,,,
2026-02-10T03:12:01+00:00,27,66.6,65.9,58.7,93.8,94.5,,,,
2026-02-10T03:18:01+00:00,28,65.1,60.0,54.1,88.2,89.6,,,,
2026-02-10T03:24:01+00:00,29,64.7,59.2,52.7,88.3,89.5,,,,
2026-02-10T03:30:01+00:00,30,64.2,59.2,51.8,88.8,92.1,,,,
2026-02-10T03:36:01+00:00,31,64.8,61.3,54.6,89.9,90.3,,,,
2026-02-10T03:42:01+00:00,32,64.4,60.8,54.7,89.3,89.4,,,,
2026-02-10T03:48:01+00:00,33,64.5,60.5,54.4,82.3,82.3,,,,
2026-02-10T03:54:01+00:00,34,64.2,62.6,55.6,79.5,83.7,,,,
2026-02-10T04:00:01+00:00,35,64.9,62.5,56.1,81.9,85.4,,,,
2026-02-10T04:06:01+00:00,36,64.5,62.8,56.0,84.2,81.7,,,,
2026-02-10T04:12:01+00:00,37,65.0,64.4,57.7,80.9,75.8,,,,
2026-02-10T04:18:01+00:00,38,64.8,63.1,57.5,82.6,74.5,,,,
2026-02-10T04:24:02+00:00,39,64.4,61.1,55.8,71.9,66.8,,,,
2026-02-10T04:30:02+00:00,40,63.5,59.3,53.6,77.2,63.3,,,,
2026-02-10T04:36:02+00:00,41,63.1,57.5,52.1,70.4,59.4,,,,
2026-02-10T04:42:02+00:00,42,63.8,61.9,55.2,72.8,61.9,,,,
2026-02-10T04:48:02+00:00,43,63.6,61.9,55.5,71.8,61.9,,,,
2026-02-10T04:54:02+00:00,44,63.7,62.8,56.1,65.1,62.6,,,,
2026-02-10T05:00:04+00:00,45,63.7,63.1,56.8,63.3,61.9,,,,
2026-02-10T05:06:03+00:00,46,63.6,61.2,55.7,61.0,60.3,,,,
2026-02-10T05:12:02+00:00,47,63.0,74.5,54.6,60.0,70.6,,,,
2026-02-10T05:18:03+00:00,48,62.5,69.3,53.9,59.7,69.1,,,,
2026-02-10T05:24:02+00:00,49,62.3,69.0,52.9,59.3,68.2,,,,
2026-02-10T05:30:02+00:00,50,62.6,71.3,54.3,60.0,66.9,,,,
2026-02-10T05:36:03+00:00,51,63.6,76.0,56.9,62.6,66.5,,,,
2026-02-10T05:42:03+00:00,52,63.3,73.2,57.5,61.5,66.9,,,,
2026-02-10T05:48:03+00:00,53,63.4,77.5,57.7,62.4,67.9,,,,
2026-02-10T05:54:03+00:00,54,63.7,74.7,57.9,62.0,66.6,,,,
2026-02-10T06:00:03+00:00,55,63.3,77.7,57.5,61.6,66.9,,,,
2026-02-10T06:06:03+00:00,56,62.9,78.3,58.5,62.9,67.1,,,,
2026-02-10T06:12:03+00:00,57,62.9,77.8,58.5,62.0,66.8,,,,
2026-02-10T06:18:03+00:00,58,62.4,77.9,56.6,60.8,65.0,,,,
2026-02-10T06:24:03+00:00,59,62.2,79.4,58.7,63.2,65.1,,,,
2026-02-10T06:30:04+00:00,60,62.4,79.2,59.7,63.8,64.5,,,,
2026-02-10T06:36:04+00:00,61,62.5,78.4,59.9,63.9,64.7,,,,
2026-02-11T03:06:40+00:00,62,,,49.9,50.3,,,,,
2026-02-11T03:07:40+00:00,63,54.2,,49.9,50.4,,,,,
2026-02-11T03:08:40+00:00,64,54.2,51.7,50.0,50.3,53.3,,,,
2026-02-11T03:09:40+00:00,65,54.2,51.7,49.9,50.4,53.3,,,,
2026-02-11T03:10:40+00:00,66,54.2,51.9,49.9,50.4,53.4,,,,
2026-02-11T03:11:40+00:00,67,54.3,51.9,50.0,50.3,53.2,,,,
2026-02-11T03:12:40+00:00,68,54.3,52.0,50.0,50.3,53.3,,,,
2026-02-11T03:13:40+00:00,69,54.3,51.7,50.0,50.4,53.3,,,,
2026-02-11T03:14:40+00:00,70,54.3,51.7,50.0,50.4,53.4,,,,
2026-02-11T03:15:40+00:00,71,54.3,51.5,50.0,50.3,53.2,,,,
2026-02-11T03:16:40+00:00,72,54.3,51.6,49.9,50.4,53.3,,,,
2026-02-11T03:17:40+00:00,73,54.3,51.4,49.9,50.2,53.2,,,,
2026-02-11T03:18:40+00:00,74,54.3,51.6,49.8,50.3,53.2,,,,
2026-02-11T03:20:40+00:00,75,54.3,51.3,49.8,50.2,53.1,,,,
2026-02-11T03:26:56+00:00,76,54.3,51.0,49.7,50.1,53.1,,,,
2026-02-11T03:28:56+00:00,77,54.2,51.0,49.7,50.0,52.9,,,,
2026-02-11T03:31:05+00:00,78,54.3,51.2,49.7,50.1,53.1,,,,
2026-02-11T03:32:58+00:00,79,54.3,51.1,49.7,50.0,52.8,,,,
2026-02-11T03:34:56+00:00,80,54.3,51.2,49.7,50.1,53.1,,,,
2026-02-11T03:36:56+00:00,81,54.2,51.2,49.6,50.2,53.1,,,,
2026-02-11T03:38:56+00:00,82,54.3,50.8,49.6,50.1,53.0,,,,
2026-02-11T03:40:57+00:00,83,54.3,51.1,49.7,50.2,53.0,,,,
2026-02-11T03:42:56+00:00,84,54.2,51.0,49.6,50.0,53.0,,,,
2026-02-11T03:44:56+00:00,85,54.3,51.1,49.7,49.8,52.9,,,,
2026-02-11T03:46:56+00:00,86,54.3,51.1,49.6,50.0,53.0,,,,
2026-02-11T03:55:15+00:00,87,54.3,50.7,49.6,49.8,52.7,,,,
2026-02-11T03:57:15+00:00,88,54.2,51.0,49.6,49.9,52.8,,,,
2026-02-11T03:59:15+00:00,89,54.3,50.9,49.6,50.0,52.9,,,,
2026-02-11T04:01:15+00:00,90,54.3,51.0,49.6,49.9,52.8,,,,
2026-02-11T04:03:15+00:00,91,54.3,51.2,49.6,53.2,52.8,,,,
2026-02-11T04:05:15+00:00,92,54.4,51.0,49.7,67.0,53.0,,,,
2026-02-11T04:07:15+00:00,93,54.4,51.3,50.9,45.8,52.6,,,,
2026-02-11T04:09:15+00:00,94,54.4,72.0,49.1,46.4,52.0,,,,
2026-02-11T04:11:15+00:00,95,54.4,46.9,48.9,47.0,51.8,,,,
2026-02-11T04:13:15+00:00,96,54.4,48.1,48.9,47.7,52.1,,,,
2026-02-11T04:15:57+00:00,97,54.4,48.5,49.2,48.1,52.1,,,,
2026-02-11T04:17:57+00:00,98,54.4,49.3,49.3,48.4,52.3,,,,
2026-02-11T04:24:11+00:00,99,54.3,50.7,49.5,49.0,52.5,,,,
2026-02-11T04:26:11+00:00,100,54.3,50.7,49.6,49.1,52.4,,,,
2026-02-11T04:28:11+00:00,101,54.4,51.0,49.7,49.2,52.5,,,,
2026-02-11T04:30:11+00:00,102,54.2,51.0,49.6,49.3,52.5,,,,
2026-02-11T04:32:11+00:00,103,54.1,50.9,49.4,49.2,52.4,,,,
2026-02-11T04:37:36+00:00,104,54.1,51.2,49.5,49.3,52.3,,,,
2026-02-11T04:54:46+00:00,105,54.3,51.7,49.8,49.5,52.7,,,,
2026-02-11T04:58:46+00:00,106,54.4,51.7,50.0,49.9,52.7,,,,
2026-02-11T05:02:46+00:00,107,54.5,52.1,50.2,50.1,53.0,,,,
2026-02-10T00:00:00+00:00,108,76.6,86.3,76.5,99.9,97.2,,,,
2026-02-10T00:01:00+00:00,109,76.9,86.4,76.7,99.9,97.2,,,,
2026-02-10T00:02:00+00:00,110,76.9,86.4,76.7,99.9,97.2,,,,
2026-02-10T00:03:00+00:00,111,76.8,86.1,76.6,99.9,97.2,,,,
2026-02-10T00:04:00+00:00,112,76.9,86.4,76.7,99.9,97.3,,,,
2026-02-10T00:05:00+00:00,113,77.0,86.4,76.8,99.9,97.3,,,,
2026-02-10T00:06:00+00:00,114,77.0,86.4,76.6,99.9,97.3,,,,
2026-02-10T00:07:00+00:00,115,76.6,86.0,76.3,99.9,97.2,,,,
2026-02-10T00:08:00+00:00,116,76.3,85.9,75.9,99.9,97.3,,,,
2026-02-10T00:09:00+00:00,117,76.5,85.8,76.2,99.9,97.3,,,,
2026-02-10T00:10:00+00:00,118,76.2,85.9,76.1,99.9,97.3,,,,
2026-02-10T00:11:00+00:00,119,76.1,85.4,76.0,99.9,97.3,,,,
2026-02-10T00:12:00+00:00,120,76.4,85.9,76.4,99.9,97.3,,,,
2026-02-10T00:13:00+00:00,121,76.3,85.6,76.2,99.9,97.2,,,,
2026-02-10T00:14:00+00:00,122,76.6,85.5,76.4,99.9,97.2,,,,
2026-02-10T00:15:00+00:00,123,76.0,84.9,75.8,99.9,97.2,,,,
2026-02-10T00:16:00+00:00,124,76.3,85.0,76.0,99.9,97.2,,,,
2026-02-10T00:17:00+00:00,125,76.5,85.1,76.0,99.9,97.2,,,,
2026-02-10T00:18:00+00:00,126,76.3,84.6,75.8,99.9,97.2,,,,
2026-02-10T00:19:00+00:00,127,76.1,84.3,75.5,99.9,97.2,,,,
2026-02-10T00:20:00+00:00,128,76.1,84.8,75.6,99.8,97.2,,,,
2026-02-10T00:21:00+00:00,129,76.0,84.9,75.3,99.9,97.2,,,,
2026-02-10T00:22:00+00:00,130,76.7,85.5,76.0,99.9,97.2,,,,
2026-02-10T00:23:00+00:00,131,76.8,85.6,76.0,99.9,97.3,,,,
2026-02-10T00:24:00+00:00,132,76.9,85.8,76.1,99.9,97.2,,,,
2026-02-10T00:25:00+00:00,133,76.9,85.7,76.1,99.9,97.2,,,,
2026-02-10T00:26:00+00:00,134,76.8,85.5,76.0,99.9,97.2,,,,
2026-02-10T00:27:00+00:00,135,76.5,84.9,75.7,99.9,97.2,,,,
2026-02-10T00:28:00+00:00,136,76.6,85.9,75.8,99.9,97.3,,,,
2026-02-10T00:29:00+00:00,137,76.5,85.6,75.8,99.9,97.2,,,,
2026-02-10T00:30:00+00:00,138,76.4,86.5,76.0,99.9,97.2,,,,
2026-02-10T00:31:00+00:00,139,77.0,87.0,76.6,99.9,97.3,,,,
2026-02-10T00:32:00+00:00,140,76.9,86.8,76.6,99.9,97.2,,,,
2026-02-10T00:33:00+00:00,141,77.0,87.0,76.7,99.9,97.3,,,,
2026-02-10T00:34:00+00:00,142,77.3,87.2,77.1,99.9,97.2,,,,
2026-02-10T00:35:00+00:00,143,77.1,86.8,76.8,99.9,97.3,,,,
2026-02-10T00:37:00+00:00,144,76.9,87.5,76.8,99.9,97.2,,,,
2026-02-10T00:38:00+00:00,145,77.1,88.0,77.0,99.9,97.3,,,,
2026-02-10T00:39:00+00:00,146,77.3,88.4,77.4,99.9,97.3,,,,
2026-02-10T00:40:00+00:00,147,77.3,88.1,77.3,99.9,97.3,,,,
2026-02-10T00:41:00+00:00,148,77.2,88.1,77.5,99.9,97.3,,,,
2026-02-10T00:43:00+00:00,149,77.4,88.1,77.6,99.9,97.3,,,,
2026-02-10T00:44:00+00:00,150,77.6,88.3,77.8,99.9,97.3,,,,
2026-02-10T00:45:00+00:00,151,77.5,88.2,77.7,99.9,97.3,,,,
2026-02-10T00:46:00+00:00,152,76.9,87.4,77.2,99.9,97.3,,,,
2026-02-10T00:47:00+00:00,153,77.1,87.6,77.3,99.9,97.3,,,,
2026-02-10T00:48:00+00:00,154,77.1,87.6,77.2,99.9,97.3,,,,
2026-02-10T00:49:00+00:00,155,77.2,88.0,77.5,99.9,97.3,,,,
2026-02-10T00:50:00+00:00,156,77.4,88.0,77.5,99.9,97.3,,,,
2026-02-10T00:51:00+00:00,157,77.5,88.1,77.6,99.9,97.3,,,,
2026-02-10T00:52:00+00:00,158,77.5,87.7,77.5,99.9,97.3,,,,
2026-02-10T00:53:00+00:00,159,77.3,87.2,77.1,99.9,97.3,,,,
2026-02-10T00:54:00+00:00,160,77.1,86.2,76.5,99.9,97.3,,,,
2026-02-10T00:55:00+00:00,161,77.0,85.3,75.9,99.9,97.2,,,,
2026-02-10T00:56:00+00:00,162,76.7,84.2,75.1,99.9,97.3,,,,
2026-02-10T00:57:00+00:00,163,76.7,84.1,74.7,99.9,97.3,,,,
2026-02-10T00:58:00+00:00,164,76.8,83.9,74.6,99.9,97.2,,,,
2026-02-10T00:59:00+00:00,165,76.6,83.8,74.2,99.9,97.2,,,,
2026-02-10T01:00:00+00:00,166,76.6,83.6,73.9,99.9,97.3,,,,
2026-02-10T01:01:00+00:00,167,76.4,83.3,73.7,99.9,97.3,,,,
2026-02-10T01:02:00+00:00,168,76.5,83.1,73.7,99.9,97.3,,,,
2026-02-10T01:03:00+00:00,169,76.6,82.7,73.5,99.9,97.2,,,,
2026-02-10T01:04:00+00:00,170,76.7,82.7,73.5,99.9,97.3,,,,
2026-02-10T01:05:00+00:00,171,76.8,83.0,73.7,99.9,97.3,,,,
2026-02-10T01:06:00+00:00,172,77.0,83.2,73.7,99.9,97.3,,,,
2026-02-10T01:07:00+00:00,173,76.9,83.1,73.6,99.9,97.3,,,,
2026-02-10T01:08:00+00:00,174,76.8,82.8,73.4,99.9,97.3,,,,
2026-02-10T01:09:00+00:00,175,76.2,82.7,72.9,99.9,97.3,,,,
2026-02-10T01:10:00+00:00,176,76.5,83.2,73.3,99.9,97.3,,,,
2026-02-10T01:11:00+00:00,177,76.3,83.0,73.2,99.9,97.3,,,,
2026-02-10T01:12:00+00:00,178,76.1,83.1,73.1,99.9,97.3,,,,
2026-02-10T01:13:00+00:00,179,76.3,83.0,73.2,99.9,97.3,,,,
2026-02-10T01:14:00+00:00,180,76.3,83.0,73.2,99.9,97.3,,,,
2026-02-10T01:15:00+00:00,181,76.1,82.5,73.0,99.9,97.2,,,,
2026-02-10T01:16:00+00:00,182,75.9,81.9,72.5,99.9,97.3,,,,
2026-02-10T01:17:00+00:00,183,75.4,81.3,71.9,99.9,97.3,,,,
2026-02-10T01:18:00+00:00,184,75.6,81.5,72.0,99.9,97.3,,,,
2026-02-10T01:19:00+00:00,185,75.7,81.3,72.1,99.9,97.2,,,,
2026-02-10T01:20:00+00:00,186,75.4,80.2,71.6,99.9,97.2,,,,
2026-02-10T01:21:00+00:00,187,75.4,80.3,71.6,99.9,97.1,,,,
2026-02-10T01:22:00+00:00,188,75.4,80.1,71.5,99.9,97.1,,,,
2026-02-10T01:23:00+00:00,189,75.4,80.1,71.4,99.9,97.1,,,,
2026-02-10T01:24:00+00:00,190,75.1,80.0,71.1,99.9,97.2,,,,
2026-02-10T01:25:00+00:00,191,75.1,79.7,70.8,99.9,97.1,,,,
2026-02-10T01:26:00+00:00,192,75.2,79.5,70.9,99.9,97.1,,,,
2026-02-10T01:27:00+00:00,193,74.9,78.8,70.5,99.9,97.1,,,,
2026-02-10T01:28:00+00:00,194,74.3,78.2,70.0,99.9,97.0,,,,
2026-02-10T01:29:00+00:00,195,73.9,77.2,69.4,99.9,97.1,,,,
2026-02-10T01:30:00+00:00,196,74.3,77.4,69.8,99.9,97.1,,,,
2026-02-10T01:31:00+00:00,197,73.9,77.5,69.6,99.9,97.1,,,,
2026-02-10T01:32:00+00:00,198,74.2,77.0,69.6,99.9,97.1,,,,
2026-02-10T01:33:00+00:00,199,73.6,76.5,68.9,99.9,97.2,,,,
2026-02-10T01:34:00+00:00,200,73.6,76.2,68.9,99.9,97.2,,,,
2026-02-10T01:35:00+00:00,201,73.9,76.5,69.0,99.9,97.2,,,,
2026-02-10T01:36:00+00:00,202,74.4,76.2,69.1,99.9,97.2,,,,
2026-02-10T01:37:00+00:00,203,74.0,75.9,68.5,99.9,97.2,,,,
2026-02-10T01:38:00+00:00,204,73.2,75.8,67.9,99.9,97.2,,,,
2026-02-10T01:39:00+00:00,205,73.4,75.8,67.9,99.9,97.2,,,,
2026-02-10T01:40:00+00:00,206,73.2,76.2,67.9,99.9,97.2,,,,
2026-02-10T01:41:00+00:00,207,72.9,77.0,68.0,99.9,97.2,,,,
2026-02-10T01:42:00+00:00,208,73.3,77.6,68.5,99.9,97.2,,,,
2026-02-10T01:43:00+00:00,209,73.5,78.2,68.9,99.9,97.2,,,,
2026-02-10T01:44:00+00:00,210,73.4,78.2,69.0,99.9,97.2,,,,
2026-02-10T01:45:00+00:00,211,73.1,78.4,69.0,99.9,97.2,,,,
2026-02-10T01:46:00+00:00,212,73.2,79.1,69.3,99.9,97.2,,,,
2026-02-10T01:47:00+00:00,213,73.5,79.5,69.9,99.9,97.3,,,,
2026-02-10T01:48:00+00:00,214,73.4,78.9,69.4,99.9,97.3,,,,
2026-02-10T01:49:00+00:00,215,73.1,78.3,69.1,99.9,97.2,,,,
2026-02-10T01:50:00+00:00,216,72.7,77.0,68.4,99.9,97.2,,,,
2026-02-10T01:51:00+00:00,217,72.4,76.0,67.7,99.9,97.2,,,,
2026-02-10T01:52:00+00:00,218,72.6,75.6,67.6,99.9,97.2,,,,
2026-02-10T01:53:00+00:00,219,72.7,74.7,67.0,99.9,97.2,,,,
2026-02-10T01:54:00+00:00,220,72.3,74.1,66.2,99.9,97.2,,,,
2026-02-10T01:55:00+00:00,221,72.2,73.5,65.6,99.9,97.2,,,,
2026-02-10T01:56:00+00:00,222,72.0,72.7,65.1,99.9,97.2,,,,
2026-02-10T01:57:00+00:00,223,72.0,73.3,65.1,99.8,97.2,,,,
2026-02-10T01:58:00+00:00,224,72.0,73.3,64.8,99.7,97.1,,,,
2026-02-10T01:59:00+00:00,225,71.8,73.0,64.5,99.7,97.1,,,,
2026-02-10T02:00:00+00:00,226,71.4,71.9,63.9,99.6,97.1,,,,
2026-02-10T02:01:00+00:00,227,70.9,70.9,63.4,99.4,97.1,,,,
2026-02-10T02:02:00+00:00,228,70.9,70.6,63.2,99.3,97.1,,,,
2026-02-10T02:03:00+00:00,229,71.3,70.8,63.5,99.5,97.1,,,,
2026-02-10T02:04:00+00:00,230,71.2,70.3,63.3,99.5,97.1,,,,
2026-02-10T02:05:00+00:00,231,71.1,70.3,63.2,99.6,97.1,,,,
2026-02-10T02:06:00+00:00,232,71.2,70.8,63.0,99.6,97.0,,,,
2026-02-10T02:07:00+00:00,233,71.2,71.1,63.1,99.6,97.0,,,,
2026-02-10T02:08:00+00:00,234,71.1,71.3,63.1,99.4,97.0,,,,
2026-02-10T02:09:00+00:00,235,70.9,71.2,62.7,99.4,96.9,,,,
2026-02-10T02:10:00+00:00,236,71.0,71.8,63.0,99.4,97.0,,,,
2026-02-10T02:11:00+00:00,237,70.8,71.6,63.0,99.4,97.0,,,,
2026-02-10T02:12:00+00:00,238,70.6,71.8,63.0,98.9,96.9,,,,
2026-02-10T02:13:00+00:00,239,70.7,72.6,63.3,98.9,96.9,,,,
2026-02-10T02:14:00+00:00,240,70.7,71.6,62.9,99.1,97.0,,,,
2026-02-10T02:15:00+00:00,241,70.6,70.9,62.7,97.5,96.9,,,,
2026-02-10T02:16:00+00:00,242,70.6,70.7,62.9,96.6,96.9,,,,
2026-02-10T02:17:00+00:00,243,70.4,70.6,62.5,96.7,96.9,,,,
2026-02-10T02:18:00+00:00,244,70.4,70.8,62.6,97.0,96.9,,,,
2026-02-10T02:19:00+00:00,245,69.9,70.2,62.2,96.8,97.0,,,,
2026-02-10T02:20:00+00:00,246,70.2,69.9,62.0,96.9,96.9,,,,
2026-02-10T02:21:00+00:00,247,70.5,69.2,62.0,96.6,97.0,,,,
2026-02-10T02:22:00+00:00,248,70.5,68.8,62.1,96.4,97.2,,,,
2026-02-10T02:23:00+00:00,249,70.1,68.7,61.7,96.3,97.4,,,,
2026-02-10T02:24:00+00:00,250,70.1,68.5,61.5,96.3,97.4,,,,
2026-02-10T02:25:00+00:00,251,69.3,67.7,60.4,95.6,97.3,,,,
2026-02-10T02:26:00+00:00,252,69.4,67.5,60.4,95.7,97.4,,,,
2026-02-10T02:27:00+00:00,253,68.5,65.8,59.1,95.1,97.2,,,,
2026-02-10T02:28:00+00:00,254,69.4,67.2,60.1,95.0,97.3,,,,
2026-02-10T02:29:00+00:00,255,68.8,67.1,60.0,95.4,97.3,,,,
2026-02-10T02:30:00+00:00,256,68.5,67.1,59.5,95.9,97.4,,,,
2026-02-10T02:31:00+00:00,257,68.6,66.4,59.8,96.1,97.4,,,,
2026-02-10T02:32:00+00:00,258,68.7,65.5,60.1,95.2,97.4,,,,
2026-02-10T02:33:00+00:00,259,68.6,66.0,60.7,95.0,97.3,,,,
2026-02-10T02:34:00+00:00,260,68.9,66.2,60.5,94.4,97.2,,,,
2026-02-10T02:35:00+00:00,261,69.5,67.3,61.4,94.8,97.2,,,,
2026-02-10T02:36:00+00:00,262,69.0,67.0,61.5,95.3,97.2,,,,
2026-02-10T02:37:00+00:00,263,68.6,66.5,60.8,96.1,97.2,,,,
2026-02-10T02:38:00+00:00,264,67.6,65.1,59.4,96.1,97.1,,,,
2026-02-10T02:39:00+00:00,265,68.2,65.0,60.0,95.7,97.1,,,,
2026-02-10T02:40:00+00:00,266,68.6,66.0,60.6,95.0,97.1,,,,
2026-02-10T02:41:00+00:00,267,68.7,66.8,60.8,96.1,97.1,,,,
2026-02-10T02:42:00+00:00,268,68.1,65.8,60.7,95.9,97.2,,,,
2026-02-10T02:43:00+00:00,269,67.6,64.0,59.7,94.3,97.0,,,,
2026-02-10T02:44:00+00:00,270,67.5,64.7,59.8,94.4,96.9,,,,
2026-02-10T02:45:00+00:00,271,67.8,66.4,60.5,94.8,97.0,,,,
2026-02-10T02:46:00+00:00,272,67.6,67.1,60.5,94.2,97.1,,,,
2026-02-10T02:47:00+00:00,273,67.4,67.3,60.6,93.5,97.1,,,,
2026-02-10T02:48:00+00:00,274,67.8,67.2,61.1,94.4,97.1,,,,
2026-02-10T02:49:00+00:00,275,68.3,68.0,62.3,95.2,97.3,,,,
2026-02-10T02:50:00+00:00,276,67.9,67.9,62.5,93.2,97.2,,,,
2026-02-10T02:51:00+00:00,277,67.8,67.8,62.1,93.4,97.1,,,,
2026-02-10T02:52:00+00:00,278,67.9,68.2,62.1,93.1,97.2,,,,
2026-02-10T02:53:00+00:00,279,68.2,68.7,62.7,93.6,97.2,,,,
2026-02-10T02:54:00+00:00,280,67.8,67.9,62.1,92.2,97.2,,,,
2026-02-10T02:55:00+00:00,281,68.0,68.0,62.1,93.3,97.0,,,,
2026-02-10T02:56:00+00:00,282,68.0,67.9,62.1,94.7,97.0,,,,
2026-02-10T02:57:00+00:00,283,67.9,67.9,61.8,93.5,97.0,,,,
2026-02-10T02:58:00+00:00,284,67.3,66.8,60.8,92.7,96.7,,,,
2026-02-10T02:59:00+00:00,285,67.9,67.2,61.2,92.3,96.4,,,,
2026-02-10T03:00:00+00:00,286,68.1,67.7,61.6,91.3,96.6,,,,
2026-02-10T03:01:00+00:00,287,67.8,67.0,60.9,93.0,96.0,,,,
2026-02-10T03:02:00+00:00,288,67.3,66.6,60.3,93.0,95.8,,,,
2026-02-10T03:03:00+00:00,289,66.9,66.3,59.7,92.7,95.5,,,,
2026-02-10T03:04:00+00:00,290,68.0,66.7,60.3,93.5,95.8,,,,
2026-02-10T03:05:00+00:00,291,68.1,67.1,60.5,94.5,95.8,,,,
2026-02-10T03:06:00+00:00,292,68.0,66.8,60.3,89.0,94.2,,,,
2026-02-10T03:07:00+00:00,293,67.2,66.4,59.6,90.7,94.4,,,,
2026-02-10T03:08:00+00:00,294,67.5,66.6,59.7,92.6,95.0,,,,
2026-02-10T03:09:00+00:00,295,67.5,66.9,59.8,93.0,94.0,,,,
2026-02-10T03:10:00+00:00,296,67.1,66.8,59.6,93.5,94.0,,,,
2026-02-10T03:11:00+00:00,297,66.9,66.4,59.3,93.3,94.3,,,,
2026-02-10T03:12:00+00:00,298,66.8,66.1,59.0,93.7,93.4,,,,
2026-02-10T03:13:00+00:00,299,66.9,64.9,58.4,90.6,92.6,,,,
2026-02-10T03:14:00+00:00,300,66.8,64.1,58.1,88.7,90.4,,,,
2026-02-10T03:15:00+00:00,301,66.4,63.1,57.0,88.8,90.4,,,,
2026-02-10T03:16:00+00:00,302,66.0,61.8,55.8,90.7,90.7,,,,
2026-02-10T03:17:00+00:00,303,65.9,60.9,55.1,89.4,91.3,,,,
2026-02-10T03:18:00+00:00,304,65.6,60.1,54.3,89.6,91.4,,,,
2026-02-10T03:19:00+00:00,305,65.7,59.8,54.0,91.0,92.2,,,,
2026-02-10T03:20:00+00:00,306,64.9,58.6,53.1,89.2,92.0,,,,
2026-02-10T03:21:00+00:00,307,64.7,58.7,52.7,90.4,91.1,,,,
2026-02-10T03:22:00+00:00,308,64.2,58.6,52.2,89.3,90.3,,,,
2026-02-10T03:23:00+00:00,309,64.8,58.9,52.6,87.4,90.4,,,,
2026-02-10T03:24:00+00:00,310,64.5,58.9,52.4,86.3,90.2,,,,
2026-02-10T03:25:00+00:00,311,64.1,58.3,51.4,86.0,88.6,,,,
2026-02-10T03:26:00+00:00,312,63.8,57.7,50.8,88.8,88.6,,,,
2026-02-10T03:27:00+00:00,313,64.0,57.7,50.8,87.7,89.2,,,,
2026-02-10T03:28:00+00:00,314,63.9,58.2,51.4,88.4,89.8,,,,
2026-02-10T03:29:00+00:00,315,64.0,58.5,51.6,84.8,90.2,,,,
2026-02-10T03:30:00+00:00,316,64.6,59.3,52.3,89.5,91.7,,,,
2026-02-10T03:31:00+00:00,317,65.0,59.9,53.1,88.5,91.6,,,,
2026-02-10T03:32:00+00:00,318,65.0,60.4,53.6,87.7,89.1,,,,
2026-02-10T03:33:00+00:00,319,64.7,60.8,53.9,88.9,92.1,,,,
2026-02-10T03:34:00+00:00,320,64.4,60.9,54.1,88.9,91.8,,,,
2026-02-10T03:35:00+00:00,321,64.5,61.1,54.3,88.2,87.2,,,,
2026-02-10T03:36:00+00:00,322,64.8,61.4,54.9,88.6,90.2,,,,
2026-02-10T03:37:00+00:00,323,64.7,61.8,54.9,84.4,86.0,,,,
2026-02-10T03:38:00+00:00,324,64.9,62.3,55.3,83.0,88.9,,,,
2026-02-10T03:39:00+00:00,325,65.0,62.7,55.7,89.7,90.6,,,,
2026-02-10T03:40:00+00:00,326,64.2,61.5,55.1,88.7,91.3,,,,
2026-02-10T03:41:00+00:00,327,64.7,61.2,55.0,89.4,90.5,,,,
2026-02-10T03:42:00+00:00,328,64.6,60.6,54.7,89.6,90.6,,,,
2026-02-10T03:43:00+00:00,329,65.0,60.8,55.2,88.0,91.1,,,,
2026-02-10T03:44:00+00:00,330,64.9,60.9,55.3,87.6,88.6,,,,
2026-02-10T03:45:00+00:00,331,64.7,60.4,54.8,84.1,88.0,,,,
2026-02-10T03:46:00+00:00,332,64.5,60.6,54.6,84.3,89.4,,,,
2026-02-10T03:47:00+00:00,333,64.4,60.6,54.5,83.2,87.3,,,,
2026-02-10T03:48:00+00:00,334,64.5,60.5,54.4,83.5,87.8,,,,
2026-02-10T03:49:00+00:00,335,64.3,60.8,54.6,80.3,86.7,,,,
2026-02-10T03:50:00+00:00,336,64.4,61.3,54.8,85.3,87.5,,,,
2026-02-10T03:51:00+00:00,337,64.3,61.5,54.8,82.9,86.0,,,,
2026-02-10T03:52:00+00:00,338,64.4,62.0,55.1,81.6,85.5,,,,
2026-02-10T03:53:00+00:00,339,64.5,62.1,55.4,81.1,85.9,,,,
2026-02-10T03:54:00+00:00,340,64.5,62.4,55.7,81.1,88.5,,,,
2026-02-10T03:55:00+00:00,341,64.6,62.4,55.7,82.3,86.3,,,,
2026-02-10T03:56:00+00:00,342,64.5,62.2,55.7,82.2,88.3,,,,
2026-02-10T03:57:00+00:00,343,64.2,62.6,56.0,83.2,88.2,,,,
2026-02-10T03:58:00+00:00,344,64.5,62.7,56.1,83.9,87.0,,,,
2026-02-10T03:59:00+00:00,345,64.9,62.6,56.2,81.6,86.5,,,,
2026-02-10T04:00:00+00:00,346,64.5,62.3,56.1,81.1,85.2,,,,
2026-02-10T04:01:00+00:00,347,64.4,62.1,55.9,82.9,83.4,,,,
2026-02-10T04:02:00+00:00,348,64.3,62.1,55.8,80.0,82.1,,,,
2026-02-10T04:03:00+00:00,349,64.4,62.3,55.9,83.1,83.3,,,,
2026-02-10T04:04:00+00:00,350,64.6,62.4,56.1,81.3,82.3,,,,
2026-02-10T04:05:00+00:00,351,64.4,62.5,56.0,83.6,82.4,,,,
2026-02-10T04:06:00+00:00,352,64.3,62.7,56.0,78.1,78.9,,,,
2026-02-10T04:07:00+00:00,353,64.5,63.3,56.2,79.3,78.7,,,,
2026-02-10T04:08:00+00:00,354,64.5,63.2,56.6,81.8,80.4,,,,
2026-02-10T04:09:00+00:00,355,64.4,63.5,56.6,81.2,79.3,,,,
2026-02-10T04:10:00+00:00,356,64.8,63.7,57.0,75.6,77.9,,,,
2026-02-10T04:11:00+00:00,357,64.9,64.2,57.5,77.0,78.8,,,,
2026-02-11T05:44:52+00:00,358,54.5,52.0,50.1,50.1,52.9,,,,
2026-02-11T05:48:51+00:00,359,54.4,52.0,49.9,49.8,52.7,,,,
2026-02-11T05:52:51+00:00,360,54.1,51.2,49.5,49.4,52.4,,,,
2026-02-11T05:56:51+00:00,361,53.9,51.3,49.3,49.2,52.0,,,,
2026-02-11T06:00:51+00:00,362,53.8,50.9,49.2,49.1,51.9,,,,
2026-02-11T06:04:51+00:00,363,53.6,50.7,49.0,48.5,51.6,,,,
2026-02-11T06:08:51+00:00,364,53.5,50.4,48.8,48.5,51.4,,,,
2026-02-11T06:12:51+00:00,365,53.3,50.1,48.6,48.3,51.1,,,,
2026-02-11T06:16:51+00:00,366,53.2,50.1,48.4,48.1,51.1,,,,
2026-02-11T06:20:51+00:00,367,53.1,49.8,48.2,48.0,50.8,,,,
2026-02-11T06:24:51+00:00,368,53.0,49.6,48.1,47.8,50.7,,,,
2026-02-11T06:28:51+00:00,369,52.9,49.5,48.0,47.6,50.3,,,,
2026-02-11T06:32:51+00:00,370,52.7,49.3,47.8,47.3,50.5,,,,
2026-02-11T06:36:51+00:00,371,52.7,49.3,47.7,47.4,50.3,,,,
2026-02-11T06:40:51+00:00,372,52.6,48.9,47.6,47.3,50.1,,,,
2026-02-11T06:44:51+00:00,373,52.4,49.0,47.3,46.9,49.9,,,,
2026-02-11T06:48:51+00:00,374,52.5,48.9,47.3,47.1,50.1,,,,
2026-02-11T06:52:51+00:00,375,52.3,48.7,47.2,46.7,49.9,,,,
2026-02-11T06:56:51+00:00,376,52.3,48.6,47.1,46.9,49.9,,,,
2026-02-11T07:00:51+00:00,377,52.3,48.5,47.1,46.8,49.7,,,,
2026-02-11T07:04:51+00:00,378,52.2,48.6,47.0,46.7,49.7,,,,
2026-02-11T07:08:51+00:00,379,52.2,48.6,46.9,46.6,49.6,,,,
2026-02-11T07:12:51+00:00,380,52.2,48.6,46.8,46.5,49.5,,,,
2026-02-11T07:16:51+00:00,381,52.2,48.6,46.9,46.5,49.6,,,,
2026-02-11T07:20:51+00:00,382,52.2,48.4,46.8,46.5,50.0,,,,
2026-02-11T07:24:51+00:00,383,52.2,48.6,46.9,46.4,49.8,,,,
2026-02-11T07:28:51+00:00,384,52.2,48.7,46.9,46.3,49.8,,,,
2026-02-11T07:32:51+00:00,385,52.2,48.6,46.9,46.2,49.8,,,,
2026-02-11T07:36:51+00:00,386,52.1,48.7,46.9,46.5,49.7,,,,
2026-02-11T07:40:51+00:00,387,52.1,48.8,46.9,46.6,49.6,,,,
2026-02-11T07:44:51+00:00,388,52.1,48.7,46.9,46.3,49.5,,,,
2026-02-11T07:48:51+00:00,389,52.1,48.9,46.8,46.3,49.7,,,,
2026-02-11T07:52:51+00:00,390,52.0,48.9,46.8,46.0,49.5,,,,
2026-02-11T07:56:51+00:00,391,51.9,49.0,46.7,46.1,49.4,,,,
2026-02-11T08:00:51+00:00,392,51.9,48.7,46.7,46.0,49.3,,,,
2026-02-11T08:04:51+00:00,393,51.9,48.9,46.6,45.9,49.2,,,,
2026-02-11T08:08:51+00:00,394,51.8,49.0,46.6,45.7,48.9,,,,
2026-02-11T08:12:51+00:00,395,51.7,48.9,46.6,45.6,49.0,,,,
2026-02-11T08:16:51+00:00,396,51.7,48.8,46.6,45.5,49.0,,,,
2026-02-11T08:20:51+00:00,397,51.6,48.9,46.6,45.4,49.0,,,,
2026-02-11T08:24:51+00:00,398,51.6,48.8,46.5,45.3,48.7,,,,
2026-02-11T08:28:51+00:00,399,51.5,48.9,46.5,45.3,48.7,,,,
2026-02-11T08:32:51+00:00,400,51.5,48.7,46.4,45.1,48.5,,,,
2026-02-11T08:36:51+00:00,401,51.4,48.7,46.2,45.0,48.4,,,,
2026-02-11T08:40:51+00:00,402,51.3,48.6,46.2,44.8,48.2,,,,
2026-02-11T08:44:51+00:00,403,51.2,48.5,46.1,44.8,48.2,,,,
2026-02-11T08:48:51+00:00,404,51.2,48.2,46.1,44.7,48.2,,,,
2026-02-11T08:52:51+00:00,405,51.2,48.3,46.0,44.6,48.3,,,,
2026-02-11T08:56:51+00:00,406,51.0,48.0,45.9,44.3,47.9,,,,
2026-02-11T09:00:51+00:00,407,51.0,47.9,45.8,44.1,47.8,,,,
2026-02-11T09:04:51+00:00,408,50.9,47.8,45.7,43.9,47.8,,,,
2026-02-11T09:08:51+00:00,409,51.0,47.9,45.8,44.2,47.9,,,,
2026-02-11T09:12:51+00:00,410,51.4,48.5,46.1,44.6,48.2,,,,
2026-02-11T09:16:51+00:00,411,51.5,48.8,46.4,44.8,48.6,,,,
2026-02-11T09:20:51+00:00,412,51.6,49.2,46.5,44.9,48.6,,,,
2026-02-11T09:24:51+00:00,413,51.8,49.2,46.6,45.0,48.6,,,,
2026-02-11T09:28:51+00:00,414,51.7,49.1,46.6,45.0,48.6,,,,
2026-02-11T09:32:51+00:00,415,51.7,49.0,46.6,44.9,48.6,,,,
2026-02-11T09:36:51+00:00,416,51.7,49.2,46.6,45.0,48.8,,,,
2026-02-11T09:41:23+00:00,417,51.7,49.2,46.7,45.1,48.7,,,,
2026-02-11T09:45:23+00:00,418,51.8,49.2,46.7,45.1,48.7,,,,
2026-02-11T09:49:23+00:00,419,51.7,49.2,46.5,44.9,48.5,,,,
2026-02-11T09:53:23+00:00,420,51.8,49.4,46.8,45.4,48.7,,,,
2026-02-11T09:57:23+00:00,421,51.9,49.4,46.7,45.4,48.9,,,,
2026-02-11T10:01:23+00:00,422,51.8,49.3,46.7,45.3,48.9,,,,
2026-02-11T10:05:23+00:00,423,51.6,48.8,46.5,45.2,48.7,,,,
2026-02-11T10:14:24+00:00,424,50.6,47.4,45.2,43.9,47.4,,,,
2026-02-11T10:18:24+00:00,425,49.0,44.3,43.0,41.8,45.0,,,,
2026-02-11T10:22:24+00:00,426,48.8,43.9,43.1,41.2,45.0,,,,
2026-02-11T10:26:24+00:00,427,48.2,44.1,42.6,40.6,44.1,,,,
2026-02-11T10:30:24+00:00,428,48.4,44.2,42.8,40.9,44.5,,,,
2026-02-11T10:34:24+00:00,429,48.1,43.3,42.5,39.6,43.2,,,,
2026-02-11T10:38:24+00:00,430,47.6,42.9,41.5,39.5,43.2,,,,
2026-02-11T10:42:25+00:00,431,47.7,42.3,41.4,39.7,43.6,,,,
2026-02-11T10:46:24+00:00,432,46.3,40.8,40.1,38.4,41.8,,,,
2026-02-11T10:50:24+00:00,433,47.1,41.5,40.6,38.1,42.0,,,,
2026-02-11T10:54:25+00:00,434,47.0,41.3,40.6,38.5,42.6,,,,
2026-02-11T10:58:24+00:00,435,46.9,41.1,40.5,38.6,42.4,,,,
2026-02-11T11:02:24+00:00,436,46.7,41.1,40.3,38.3,42.2,,,,
2026-02-11T11:06:24+00:00,437,46.8,41.0,40.5,38.1,42.0,,,,
2026-02-11T11:10:24+00:00,438,46.7,40.8,40.2,38.1,42.1,,,,
2026-02-11T11:14:24+00:00,439,46.7,40.6,40.3,38.2,42.1,,,,
2026-02-11T11:18:24+00:00,440,46.5,40.5,40.1,37.8,41.8,,,,
2026-02-11T11:22:24+00:00,441,46.6,40.7,40.3,38.1,41.8,,,,
2026-02-11T11:26:25+00:00,442,46.5,40.6,40.2,38.0,41.9,,,,
2026-02-11T11:30:25+00:00,443,46.4,40.2,40.0,37.7,41.5,,,,
2026-02-11T11:34:24+00:00,444,46.2,40.1,39.8,37.4,41.3,,,,
2026-02-11T11:38:25+00:00,445,46.3,40.0,39.8,37.4,41.5,,,,
2026-02-11T11:42:24+00:00,446,46.1,40.1,39.8,37.5,41.6,,,,
2026-02-11T11:46:24+00:00,447,46.0,39.9,39.8,37.3,41.3,,,,
2026-02-11T11:50:25+00:00,448,46.1,39.7,39.7,37.2,41.2,,,,
2026-02-11T11:54:24+00:00,449,46.0,39.8,39.5,37.1,41.3,,,,
2026-02-11T11:58:24+00:00,450,45.8,39.8,39.5,37.2,41.2,,,,
2026-02-11T12:02:26+00:00,451,45.9,39.8,39.6,37.2,41.2,,,,
2026-02-11T12:06:25+00:00,452,45.9,39.9,39.6,37.6,41.4,,,,
2026-02-11T12:10:25+00:00,453,46.1,40.4,39.8,37.8,41.6,,,,
2026-02-11T12:14:25+00:00,454,46.9,41.2,40.7,38.8,42.5,,,,
2026-02-11T12:18:25+00:00,455,47.2,41.6,41.2,39.5,43.3,,,,
2026-02-11T12:22:24+00:00,456,47.2,41.7,41.2,39.3,42.9,,,,
2026-02-11T12:26:24+00:00,457,47.0,41.4,41.0,39.2,42.7,,,,
2026-02-11T12:30:25+00:00,458,47.0,41.2,40.8,39.0,42.6,,,,
2026-02-11T12:34:24+00:00,459,46.9,41.0,40.8,38.7,42.5,,,,
2026-02-11T12:38:24+00:00,460,46.7,41.0,40.5,38.7,42.2,,,,
2026-02-11T12:42:25+00:00,461,46.7,40.9,40.5,38.5,42.5,,,,
2026-02-11T12:46:25+00:00,462,46.6,40.5,40.3,38.3,42.0,,,,
2026-02-11T12:50:25+00:00,463,46.4,40.4,40.2,38.3,42.0,,,,
2026-02-11T12:54:24+00:00,464,46.5,40.6,40.2,38.3,42.0,,,,
2026-02-11T12:58:25+00:00,465,46.4,40.7,40.2,38.1,41.8,,,,
2026-02-11T13:02:25+00:00,466,46.0,39.9,39.7,37.6,41.2,,,,
2026-02-11T13:06:25+00:00,467,46.0,40.0,39.7,37.7,41.5,,,,
2026-02-11T13:10:25+00:00,468,45.7,39.6,39.3,37.0,41.0,,,,
2026-02-11T13:53:47+00:00,469,45.7,39.8,39.6,37.0,41.0,,,,
2026-02-11T14:23:47+00:00,470,46.5,40.1,40.3,38.2,41.9,,,,
2026-02-11T14:53:47+00:00,471,46.3,39.9,40.0,38.1,41.7,,,,
2026-02-11T15:23:47+00:00,472,46.3,39.9,40.1,38.0,41.7,,,,
2026-02-11T15:53:47+00:00,473,46.5,40.4,40.4,38.4,42.0,,,,
2026-02-11T16:23:47+00:00,474,47.1,41.1,41.1,39.2,43.0,,,,
2026-02-11T17:07:59+00:00,475,47.2,41.2,41.2,39.5,43.2,,,,
2026-02-11T17:37:59+00:00,476,47.3,41.3,41.4,39.6,43.3,,,,
2026-02-11T18:07:59+00:00,477,47.5,41.6,41.6,39.9,43.6,,,,
2026-02-11T18:37:59+00:00,478,47.7,41.8,41.9,40.2,43.8,,,,
2026-02-11T19:07:59+00:00,479,47.8,42.3,42.2,40.3,44.1,,,,
2026-02-11T19:37:59+00:00,480,48.0,42.4,42.3,40.5,44.0,,,,
2026-02-11T20:07:59+00:00,481,48.2,42.5,42.6,40.8,44.4,,,,
2026-02-11T20:37:59+00:00,482,48.2,42.6,42.7,41.1,44.4,,,,
2026-02-11T21:07:59+00:00,483,48.4,42.9,42.9,41.1,44.6,,,,
2026-02-11T21:37:59+00:00,484,48.6,43.1,43.1,41.6,44.8,,,,
2026-02-11T22:07:59+00:00,485,49.4,44.3,44.3,42.9,46.0,,,,
2026-02-11T22:37:59+00:00,486,50.0,44.9,44.9,43.4,46.8,,,,
2026-02-11T23:07:59+00:00,487,49.6,44.5,44.5,43.1,46.4,,,,
2026-02-12T01:10:48+00:00,488,49.0,41.7,44.6,51.7,44.6,,,,
2026-02-11T02:50:00+00:00,489,,,50.0,50.3,,,,,
2026-02-11T03:00:00+00:00,490,54.2,51.7,49.9,50.3,53.3,,,,
2026-02-11T03:10:00+00:00,491,54.3,51.6,49.9,50.3,53.3,,,,
2026-02-11T03:20:00+00:00,492,54.3,51.2,49.7,50.2,53.1,,,,
2026-02-11T03:30:00+00:00,493,54.3,51.1,49.7,50.1,53.0,,,,
2026-02-11T03:40:00+00:00,494,54.3,51.0,49.6,50.0,52.9,,,,
2026-02-11T03:50:00+00:00,495,54.3,50.9,49.6,50.0,52.9,,,,
2026-02-11T04:00:00+00:00,496,54.4,53.2,49.9,51.3,52.9,,,,
2026-02-11T04:10:00+00:00,497,54.4,50.3,49.1,47.9,52.1,,,,
2026-02-11T04:20:00+00:00,498,54.3,50.7,49.5,49.0,52.4,,,,
2026-02-11T04:30:00+00:00,499,54.1,51.1,49.5,49.1,52.3,,,,
2026-02-11T04:40:00+00:00,500,54.2,51.4,49.7,49.4,52.5,,,,
2026-02-11T04:50:00+00:00,501,54.3,51.6,49.9,49.7,52.6,,,,
2026-02-11T05:00:00+00:00,502,54.5,52.0,50.2,50.0,53.0,,,,
2026-02-11T05:10:00+00:00,503,54.7,52.4,50.4,50.3,53.2,,,,
2026-02-11T05:20:00+00:00,504,54.7,52.4,50.4,50.3,53.1,,,,
2026-02-11T05:40:00+00:00,505,54.4,52.0,50.0,49.9,52.8,,,,
2026-02-11T05:50:00+00:00,506,54.0,51.2,49.4,49.3,52.2,,,,
2026-02-11T06:00:00+00:00,507,53.6,50.6,49.0,48.7,51.6,,,,
2026-02-11T06:10:00+00:00,508,53.3,50.2,48.5,48.2,51.2,,,,
2026-02-11T06:20:00+00:00,509,53.0,49.7,48.1,47.8,50.7,,,,
2026-02-11T06:30:00+00:00,510,52.7,49.2,47.7,47.4,50.3,,,,
2026-02-11T06:40:00+00:00,511,52.5,48.9,47.4,47.0,50.0,,,,
2026-02-11T06:50:00+00:00,512,52.4,48.7,47.2,46.9,49.9,,,,
2026-02-11T07:00:00+00:00,513,52.2,48.5,47.0,46.7,49.7,,,,
2026-02-11T07:10:00+00:00,514,52.2,48.5,46.9,46.5,49.7,,,,
2026-02-11T07:20:00+00:00,515,52.2,48.6,46.9,46.4,49.9,,,,
2026-02-11T07:30:00+00:00,516,52.1,48.7,46.9,46.4,49.7,,,,
2026-02-11T07:40:00+00:00,517,52.1,48.8,46.9,46.4,49.6,,,,
2026-02-11T07:50:00+00:00,518,52.0,48.9,46.7,46.1,49.4,,,,
2026-02-11T08:00:00+00:00,519,51.8,48.8,46.6,45.8,49.2,,,,
2026-02-11T08:10:00+00:00,520,51.7,48.9,46.6,45.6,49.0,,,,
2026-02-11T08:20:00+00:00,521,51.6,48.9,46.6,45.4,48.8,,,,
2026-02-11T08:30:00+00:00,522,51.4,48.7,46.3,45.0,48.5,,,,
2026-02-11T08:40:00+00:00,523,51.3,48.4,46.1,44.7,48.3,,,,
2026-02-11T08:50:00+00:00,524,51.1,48.2,45.9,44.4,48.0,,,,
2026-02-11T09:00:00+00:00,525,51.0,48.0,45.7,44.1,47.8,,,,
2026-02-11T09:10:00+00:00,526,51.5,48.7,46.3,44.8,48.4,,,,
2026-02-11T09:20:00+00:00,527,51.7,49.1,46.6,45.0,48.6,,,,
2026-02-11T09:30:00+00:00,528,51.7,49.2,46.6,45.0,48.7,,,,
2026-02-11T09:40:00+00:00,529,51.8,49.2,46.7,45.1,48.7,,,,
2026-02-11T09:50:00+00:00,530,51.9,49.4,46.8,45.3,48.9,,,,
2026-02-11T10:00:00+00:00,531,51.5,48.7,46.4,44.8,48.4,,,,
2026-02-11T10:10:00+00:00,532,50.1,46.2,44.5,42.9,46.5,,,,
2026-02-11T10:20:00+00:00,533,48.8,44.1,43.1,41.1,44.7,,,,
2026-02-11T10:30:00+00:00,534,48.0,43.0,42.1,39.9,43.5,,,,
2026-02-11T10:40:00+00:00,535,47.1,41.6,40.8,39.0,42.6,,,,
2026-02-11T10:50:00+00:00,536,46.9,41.3,40.5,38.4,42.2,,,,
2026-02-11T11:00:00+00:00,537,46.7,40.9,40.3,38.2,42.0,,,,
2026-02-11T11:10:00+00:00,538,46.6,40.7,40.2,38.0,41.9,,,,
2026-02-11T11:20:00+00:00,539,46.5,40.5,40.2,37.9,41.8,,,,
2026-02-11T11:30:00+00:00,540,46.2,40.2,39.9,37.6,41.5,,,,
2026-02-11T11:40:00+00:00,541,46.1,40.0,39.8,37.4,41.3,,,,
2026-02-11T11:50:00+00:00,542,45.9,39.8,39.6,37.3,41.2,,,,
2026-02-11T12:00:00+00:00,543,45.9,39.9,39.6,37.3,41.2,,,,
2026-02-11T12:10:00+00:00,544,46.9,41.3,40.7,38.8,42.6,,,,
2026-02-11T12:20:00+00:00,545,47.1,41.4,41.0,39.2,42.9,,,,
2026-02-11T12:30:00+00:00,546,46.9,41.0,40.7,38.8,42.5,,,,
2026-02-11T12:40:00+00:00,547,46.6,40.6,40.4,38.4,42.2,,,,
2026-02-11T12:50:00+00:00,548,46.5,40.5,40.2,38.3,42.0,,,,
2026-02-11T13:00:00+00:00,549,45.9,40.0,39.6,37.5,41.4,,,,
2026-02-11T13:10:00+00:00,550,45.6,39.5,39.3,36.8,40.8,,,,
2026-02-11T13:20:00+00:00,551,45.3,39.1,39.0,36.4,40.4,,,,
2026-02-11T13:30:00+00:00,552,45.4,39.3,39.1,36.6,40.5,,,,
2026-02-11T13:40:00+00:00,553,45.7,39.6,39.5,36.9,40.9,,,,
2026-02-11T13:50:00+00:00,554,45.7,39.6,39.6,37.0,41.0,,,,
2026-02-11T14:00:00+00:00,555,46.1,39.7,40.0,37.9,41.6,,,,
2026-02-11T14:10:00+00:00,556,46.7,40.4,40.6,38.5,42.1,,,,
2026-02-11T14:20:00+00:00,557,46.4,40.0,40.3,38.2,41.8,,,,
2026-02-11T14:30:00+00:00,558,46.3,39.9,40.1,38.0,41.7,,,,
2026-02-11T14:40:00+00:00,559,46.2,39.8,40.0,38.0,41.6,,,,
2026-02-11T14:50:00+00:00,560,46.2,39.9,40.0,38.0,41.6,,,,
2026-02-11T15:00:00+00:00,561,46.2,39.9,40.0,38.0,41.6,,,,
2026-02-11T15:10:00+00:00,562,46.2,39.9,40.0,38.0,41.6,,,,
2026-02-11T15:20:00+00:00,563,46.3,40.0,40.1,38.1,41.7,,,,
2026-02-11T15:30:00+00:00,564,46.4,40.1,40.2,38.2,41.9,,,,
2026-02-11T15:40:00+00:00,565,46.5,40.3,40.3,38.3,42.0,,,,
2026-02-11T15:50:00+00:00,566,46.6,40.4,40.5,38.5,42.2,,,,
2026-02-11T16:00:00+00:00,567,46.7,40.7,40.7,38.8,42.4,,,,
2026-02-11T16:10:00+00:00,568,47.0,41.0,41.0,39.2,42.8,,,,
2026-02-11T16:20:00+00:00,569,47.1,41.1,41.1,39.2,42.9,,,,
2026-02-11T16:30:00+00:00,570,47.1,41.1,41.1,39.3,42.9,,,,
2026-02-11T16:40:00+00:00,571,47.1,41.1,41.2,39.3,42.9,,,,
2026-02-11T16:50:00+00:00,572,47.1,41.1,41.2,39.4,43.0,,,,
2026-02-11T17:00:00+00:00,573,47.2,41.2,41.2,39.4,43.0,,,,
2026-02-11T17:10:00+00:00,574,47.2,41.2,41.2,39.5,43.0,,,,
2026-02-11T17:20:00+00:00,575,47.2,41.2,41.3,39.5,43.1,,,,
2026-02-11T17:30:00+00:00,576,47.2,41.3,41.4,39.6,43.2,,,,
2026-02-11T17:40:00+00:00,577,47.3,41.4,41.5,39.7,43.3,,,,
2026-02-11T17:50:00+00:00,578,47.4,41.5,41.5,39.8,43.4,,,,
2026-02-11T18:00:00+00:00,579,47.5,41.6,41.6,39.9,43.5,,,,
2026-02-11T18:10:00+00:00,580,47.5,41.7,41.7,40.0,43.6,,,,
2026-02-11T18:20:00+00:00,581,47.6,41.8,41.8,40.1,43.7,,,,
2026-02-11T18:30:00+00:00,582,47.6,41.9,41.9,40.2,43.7,,,,
2026-02-11T18:40:00+00:00,583,47.7,42.0,41.9,40.3,43.9,,,,
2026-02-11T18:50:00+00:00,584,47.7,42.1,42.0,40.4,43.9,,,,
2026-02-11T19:00:00+00:00,585,47.8,42.1,42.1,40.3,44.0,,,,
2026-02-11T19:10:00+00:00,586,47.9,42.2,42.2,40.4,44.1,,,,
2026-02-11T19:20:00+00:00,587,47.9,42.3,42.3,40.5,44.0,,,,
2026-02-11T19:30:00+00:00,588,48.0,42.4,42.3,40.5,44.0,,,,
2026-02-11T19:40:00+00:00,589,48.0,42.5,42.4,40.6,44.0,,,,
2026-02-11T19:50:00+00:00,590,48.1,42.5,42.5,40.7,44.1,,,,
2026-02-11T20:00:00+00:00,591,48.1,42.5,42.5,40.8,44.2,,,,
2026-02-11T20:10:00+00:00,592,48.2,42.5,42.6,40.9,44.3,,,,
2026-02-11T20:20:00+00:00,593,48.2,42.5,42.6,40.9,44.4,,,,
2026-02-11T20:30:00+00:00,594,48.2,42.6,42.7,41.0,44.4,,,,
2026-02-11T20:40:00+00:00,595,48.3,42.7,42.8,41.0,44.5,,,,
2026-02-11T20:50:00+00:00,596,48.3,42.8,42.8,41.1,44.6,,,,
2026-02-11T21:00:00+00:00,597,48.4,42.8,42.9,41.2,44.6,,,,
2026-02-11T21:10:00+00:00,598,48.4,42.8,42.9,41.3,44.7,,,,
2026-02-11T21:20:00+00:00,599,48.5,43.0,43.0,41.4,44.8,,,,
2026-02-11T21:30:00+00:00,600,48.6,43.1,43.1,41.5,44.9,,,,
2026-02-11T21:40:00+00:00,601,48.9,43.4,43.6,42.0,45.4,,,,
2026-02-11T21:50:00+00:00,602,49.2,43.8,43.9,42.4,45.7,,,,
2026-02-11T22:00:00+00:00,603,49.3,44.1,44.2,42.8,46.0,,,,
2026-02-11T22:10:00+00:00,604,49.7,44.6,44.5,43.1,46.4,,,,
2026-02-11T22:20:00+00:00,605,49.9,44.8,44.8,43.3,46.7,,,,
2026-02-11T22:30:00+00:00,606,49.9,44.9,44.9,43.4,46.7,,,,
2026-02-11T22:40:00+00:00,607,49.9,44.9,44.9,43.4,46.7,,,,
2026-02-11T22:50:00+00:00,608,49.7,44.7,44.7,43.2,46.5,,,,
2026-02-11T23:00:00+00:00,609,49.7,44.5,44.6,43.1,46.4,,,,
2026-02-11T23:10:00+00:00,610,49.7,44.5,44.6,43.1,46.5,,,,
2026-02-11T23:20:00+00:00,611,49.9,45.0,44.9,60.8,49.8,,,,
2026-02-11T23:30:00+00:00,612,49.9,45.0,44.9,84.6,80.6,,,,
2026-02-12T01:40:48+00:00,613,47.4,38.4,41.2,47.9,37.2,,,,
2026-02-12T02:10:48+00:00,614,43.4,,34.8,46.0,35.7,,,,
2026-02-12T02:40:48+00:00,615,40.7,36.9,32.8,42.3,33.0,,,,
2026-02-12T03:10:48+00:00,616,38.5,36.8,29.8,40.7,31.2,,,,
2026-02-12T03:40:48+00:00,617,37.2,37.5,30.0,39.8,31.6,,,,
2026-02-12T04:10:48+00:00,618,34.1,36.8,27.5,38.2,29.7,,,,
2026-02-12T04:40:48+00:00,619,33.1,37.4,27.6,38.7,29.7,,,,
2026-02-12T05:10:48+00:00,620,30.0,37.2,26.8,37.2,29.3,,,,
2026-02-12T05:40:48+00:00,621,31.7,38.1,27.7,36.8,29.8,,,,
2026-02-12T06:10:48+00:00,622,29.5,37.2,29.4,37.0,31.9,,,,
2026-02-12T06:40:48+00:00,623,32.4,36.2,30.0,38.1,33.1,,,,
2026-02-12T07:10:48+00:00,624,35.9,36.7,31.4,40.6,35.5,,,,
2026-02-12T07:40:48+00:00,625,35.8,36.7,31.7,41.9,35.9,,,,
2026-02-12T08:10:48+00:00,626,37.1,36.8,32.8,42.5,36.1,,,,
2026-02-12T08:40:48+00:00,627,37.6,36.9,33.1,43.8,36.9,,,,
2026-02-13T04:30:44+00:00,628,32.0,36.3,25.5,36.3,27.5,,,,
2026-02-13T05:00:44+00:00,629,30.2,37.9,26.9,36.4,28.3,,,,
2026-02-13T05:30:44+00:00,630,29.5,37.4,26.1,35.7,28.2,,,,
2026-02-13T06:00:44+00:00,631,29.7,37.5,29.0,35.8,29.6,,,,
2026-02-13T06:30:43+00:00,632,31.7,37.3,30.7,36.6,32.3,,,,
2026-02-13T07:00:44+00:00,633,34.5,36.3,30.4,38.6,33.2,,,,
2026-02-13T07:26:26+00:00,634,3.00,,,,,,,,
2026-02-13T07:26:46+00:00,635,3.00,,,,,,,,
2026-02-13T07:27:05+00:00,636,3.00,,,,,,,,
2026-02-13T07:28:54+00:00,637,3.00,,,,,,,,
2026-02-13T07:30:44+00:00,638,35.2,35.9,31.0,40.4,34.3,,,,
2026-02-13T07:31:47+00:00,639,3.00,,,,,,,,
2026-02-13T07:34:39+00:00,640,3.00,,,,,,,,
2026-02-13T07:35:47+00:00,641,3.00,,,,,,,,
2026-02-13T07:37:34+00:00,642,3.00,,,,,,,,
2026-02-13T07:38:42+00:00,643,3.00,,,,,,,,
2026-02-13T07:39:49+00:00,644,3.00,,,,,,,,
2026-02-13T07:40:57+00:00,645,3.00,,,,,,,,
2026-02-13T07:42:05+00:00,646,3.00,,,,,,,,
2026-02-13T07:43:49+00:00,647,3.00,,,,,,,,
2026-02-13T07:44:57+00:00,648,3.00,,,,,,,,
2026-02-13T07:46:05+00:00,649,3.00,,,,,,,,
2026-02-13T07:47:13+00:00,650,3.00,,,,,,,,
2026-02-13T07:48:21+00:00,651,3.00,,,,,,,,
2026-02-13T07:49:29+00:00,652,3.00,,,,,,,,
2026-02-13T07:50:37+00:00,653,3.00,,,,,,,,
2026-02-13T07:51:44+00:00,654,3.00,,,,,,,,
2026-02-13T07:52:52+00:00,655,3.00,,,,,,,,
2026-02-13T07:54:00+00:00,656,3.00,,,,,,,,
2026-02-13T07:55:09+00:00,657,3.00,,,,,,,,
2026-02-13T07:56:16+00:00,658,3.00,,,,,,,,
2026-02-13T07:57:24+00:00,659,3.00,,,,,,,,
2026-02-13T08:00:37+00:00,660,3.00,,,,,,,,
2026-02-13T08:01:45+00:00,661,3.00,,,,,,,,
2026-02-13T08:02:53+00:00,662,3.00,,,,,,,,
2026-02-13T08:05:40+00:00,663,3.00,,,,,,,,
2026-02-13T08:06:48+00:00,664,3.00,,,,,,,,
2026-02-13T08:07:57+00:00,665,3.00,,,,,,,,
2026-02-13T08:09:05+00:00,666,3.00,,,,,,,,
2026-02-13T08:10:13+00:00,667,3.00,,,,,,,,
2026-02-13T08:11:21+00:00,668,3.00,,,,,,,,
2026-02-13T08:12:29+00:00,669,3.00,,,,,,,,
2026-02-13T08:13:37+00:00,670,3.00,,,,,,,,
2026-02-13T08:14:45+00:00,671,3.00,,,,,,,,
2026-02-13T08:15:53+00:00,672,3.00,,,,,,,,
2026-02-13T08:17:01+00:00,673,3.00,,,,,,,,
2026-02-13T08:18:57+00:00,674,3.00,,,,,,,,
2026-02-13T08:19:57+00:00,675,3.00,,,,,,,,
2026-02-13T08:20:57+00:00,676,3.00,,,,,,,,
2026-02-13T08:21:58+00:00,677,3.00,,,,,,,,
2026-02-13T08:22:57+00:00,678,3.00,,,,,,,,
2026-02-13T08:27:37+00:00,679,3.00,,,,,,,,
2026-02-13T08:29:37+00:00,680,3.00,,,,,,,,
2026-02-13T08:30:42+00:00,681,3.00,,,,,,,,
2026-02-13T08:31:42+00:00,682,3.00,,,,,,,,
2026-02-13T08:32:42+00:00,683,3.00,,,,,,,,
2026-02-13T08:33:42+00:00,684,3.00,,,,,,,,
2026-02-13T08:34:42+00:00,685,3.00,,,,,,,,
2026-02-13T08:35:42+00:00,686,3.00,,,,,,,,
2026-02-13T08:36:42+00:00,687,3.00,,,,,,,,
2026-02-13T08:37:42+00:00,688,3.00,,,,,,,,
2026-02-13T08:38:42+00:00,689,3.00,,,,,,,,
2026-02-13T08:39:42+00:00,690,3.00,,,,,,,,
2026-02-13T08:40:42+00:00,691,3.00,,,,,,,,
2026-02-13T08:41:42+00:00,692,3.00,,,,,,,,
2026-02-13T08:42:42+00:00,693,3.00,,,,,,,,
2026-02-13T08:43:42+00:00,694,3.00,,,,,,,,
2026-02-13T08:44:42+00:00,695,3.00,,,,,,,,
2026-02-13T08:45:42+00:00,696,3.00,,,,,,,,
2026-02-13T08:46:42+00:00,697,3.00,,,,,,,,
2026-02-13T08:47:42+00:00,698,3.00,,,,,,,,
2026-02-13T08:48:42+00:00,699,3.00,,,,,,,,
2026-02-13T09:00:44+00:00,700,47.3,45.0,44.3,50.1,44.7,,,,
2026-02-13T09:13:44+00:00,701,46.3,44.5,43.4,50.3,44.9,,,,
2026-02-13T09:43:44+00:00,702,47.6,44.8,44.5,50.6,45.5,,,,
2026-02-13T10:13:44+00:00,703,48.9,46.6,46.0,51.8,46.8,,,,
2026-02-13T10:43:44+00:00,704,50.5,47.5,47.4,52.9,48.5,,,,
2026-02-13T11:13:44+00:00,705,51.3,48.9,48.8,54.0,49.8,,,,
2026-02-13T11:43:44+00:00,706,52.2,49.2,49.6,54.8,51.0,,,,
2026-02-13T12:13:44+00:00,707,52.8,,50.3,55.4,51.6,,,,
2026-02-13T12:43:44+00:00,708,53.8,,51.1,56.0,52.5,,,,
2026-02-13T13:13:44+00:00,709,54.0,,51.1,56.1,52.8,,,,
2026-02-13T13:43:44+00:00,710,53.7,,51.1,56.0,52.6,,,,
2026-02-13T14:13:44+00:00,711,54.5,,52.2,56.7,53.3,,,,
2026-02-13T14:43:44+00:00,712,60.2,,58.6,60.8,58.4,,,,
2026-02-13T15:13:44+00:00,713,61.1,59.1,59.5,62.2,60.3,,,,
2026-02-13T15:43:44+00:00,714,62.7,59.7,61.2,63.2,61.6,,,,
2026-02-13T16:13:44+00:00,715,63.7,62.1,62.9,63.5,62.2,,,,
2026-02-13T16:43:44+00:00,716,62.7,60.7,61.4,63.1,61.6,,,,
2026-02-13T17:13:44+00:00,717,63.1,61.4,61.8,63.6,62.2,,,,
2026-02-13T17:43:44+00:00,718,64.4,62.3,63.5,64.4,63.7,,,,
2026-02-13T18:13:44+00:00,719,62.3,59.4,60.8,63.2,62.0,,,,
2026-02-13T18:43:44+00:00,720,59.3,57.8,56.6,60.0,57.9,,,,
2026-02-13T19:13:44+00:00,721,60.6,58.7,58.8,61.0,59.1,,,,
2026-02-13T19:43:44+00:00,722,59.6,57.9,57.6,60.6,58.7,,,,
2026-02-13T20:13:44+00:00,723,59.2,57.0,57.0,60.2,58.0,,,,
2026-02-13T20:43:44+00:00,724,59.9,57.7,57.7,60.7,58.3,,,,
2026-02-13T21:13:44+00:00,725,60.3,57.9,58.0,60.8,58.6,,,,
2026-02-13T21:43:44+00:00,726,61.4,59.4,59.2,61.3,59.2,,,,
2026-02-13T22:13:44+00:00,727,60.4,58.6,57.8,60.6,58.6,,,,
2026-02-13T22:43:44+00:00,728,60.1,58.3,57.6,60.0,57.6,,,,
2026-02-13T23:13:44+00:00,729,59.4,58.1,57.0,59.3,56.6,,,,
2026-02-13T23:43:44+00:00,730,54.1,53.8,51.8,55.8,52.5,,,,
2026-02-15T05:58:13+00:00,731,43.2,49.7,44.4,45.5,39.9,,,,
2026-02-15T06:28:13+00:00,732,44.9,48.6,45.6,46.5,44.4,,,,
2026-02-15T06:58:13+00:00,733,49.3,50.1,47.3,48.9,46.0,,,,
2026-02-15T07:28:13+00:00,734,52.4,52.7,50.3,52.1,48.4,,,,
2026-02-15T07:58:13+00:00,735,54.9,54.7,52.6,54.6,51.0,,,,
2026-02-15T08:28:13+00:00,736,56.1,,53.5,55.6,52.1,,,,
2026-02-15T08:58:13+00:00,737,59.9,59.0,57.8,58.4,55.5,,,,
2026-02-15T09:28:13+00:00,738,60.9,60.0,59.1,58.9,55.9,,,,
2026-02-15T09:58:13+00:00,739,62.4,61.2,60.5,60.2,57.6,,,,
2026-02-15T10:28:13+00:00,740,64.6,63.0,62.8,61.8,59.6,,,,
2026-02-15T10:58:13+00:00,741,66.9,65.0,65.6,63.9,62.2,,,,
2026-02-15T11:28:13+00:00,742,70.4,68.8,69.4,66.2,65.1,,,,
2026-02-15T11:58:13+00:00,743,72.6,70.4,71.3,67.8,67.2,,,,
2026-02-15T12:28:13+00:00,744,73.3,71.5,72.2,68.5,68.2,,,,
2026-02-15T12:58:13+00:00,745,74.7,72.4,,69.5,69.4,,,,
2026-02-15T13:28:13+00:00,746,75.1,72.6,73.9,70.0,70.1,,,,
2026-02-15T13:58:14+00:00,747,75.7,73.3,74.7,70.5,70.8,,,,
2026-02-15T14:28:14+00:00,748,76.2,74.3,75.5,71.2,71.7,,,,
2026-02-16T01:47:05+00:00,749,56.1,49.8,50.8,53.6,44.5,,,,
2026-02-16T02:17:05+00:00,750,53.5,49.7,47.8,52.5,44.8,,,,
2026-02-16T02:47:05+00:00,751,49.4,46.9,42.9,48.5,40.7,,,,
2026-02-16T03:25:46+00:00,752,44.8,43.8,37.6,44.8,36.4,,,,
2026-02-16T03:55:46+00:00,753,41.6,41.4,35.2,42.5,33.1,,,,
2026-02-16T04:25:46+00:00,754,40.1,41.0,33.4,41.6,31.9,,,,
2026-02-16T04:55:46+00:00,755,38.8,41.1,35.6,41.5,32.4,,,,
2026-02-16T05:25:46+00:00,756,37.9,41.8,35.3,40.6,32.0,,,,
2026-02-16T05:55:46+00:00,757,36.3,41.5,36.2,41.2,34.0,,,,
2026-02-16T06:25:46+00:00,758,40.4,43.4,41.1,42.2,38.8,,,,
2026-02-16T06:55:46+00:00,759,44.7,45.1,42.6,45.3,41.7,,,,
2026-02-16T07:25:46+00:00,760,47.2,47.4,45.0,48.7,44.1,,,,
2026-02-16T07:55:46+00:00,761,47.4,47.1,44.9,49.5,44.8,,,,
2026-02-16T08:25:46+00:00,762,50.8,49.9,48.1,52.2,48.0,,,,
2026-02-16T08:55:46+00:00,763,53.6,52.5,51.2,54.3,50.5,,,,
2026-02-16T09:25:46+00:00,764,57.3,55.8,54.5,56.5,53.1,,,,
2026-02-16T09:55:46+00:00,765,58.3,57.0,55.7,57.8,54.6,,,,
2026-02-16T10:25:46+00:00,766,60.7,58.9,58.5,59.6,56.8,,,,
2026-02-16T10:55:46+00:00,767,62.6,61.0,60.8,60.8,58.5,,,,
2026-02-16T11:25:46+00:00,768,64.2,62.5,62.6,62.1,60.2,,,,
2026-02-16T11:55:46+00:00,769,65.0,63.1,63.4,62.7,61.1,,,,
2026-02-16T12:25:46+00:00,770,61.6,60.5,59.9,60.5,58.4,,,,
2026-02-16T12:55:46+00:00,771,60.7,59.3,58.5,59.7,57.6,,,,
2026-02-16T13:25:46+00:00,772,59.1,57.5,57.0,58.8,56.5,,,,
2026-02-16T13:55:47+00:00,773,56.2,54.8,53.5,56.8,54.1,,,,
2026-02-16T14:25:46+00:00,774,53.6,52.5,51.6,55.5,52.5,,,,
2026-02-16T14:55:46+00:00,775,53.6,52.4,51.5,55.3,52.3,,,,
2026-02-16T15:25:46+00:00,776,54.2,53.0,52.0,55.8,52.9,,,,
2026-02-16T15:55:46+00:00,777,54.9,53.3,52.6,56.2,53.5,,,,
2026-02-16T16:25:46+00:00,778,56.0,54.0,53.5,56.9,54.2,,,,
2026-02-16T16:55:46+00:00,779,57.9,56.4,56.0,58.6,56.4,,,,
2026-02-16T17:25:47+00:00,780,58.8,56.9,57.0,59.3,57.5,,,,
2026-02-16T17:55:46+00:00,781,58.9,57.3,57.0,59.3,57.5,,,,
2026-02-16T18:25:46+00:00,782,58.2,56.4,56.2,58.9,57.0,,,,
2026-02-16T18:55:46+00:00,783,59.1,57.3,57.2,59.4,57.7,,,,
2026-02-16T19:25:46+00:00,784,60.2,58.8,58.6,60.4,58.9,,,,
2026-02-16T19:55:46+00:00,785,61.2,58.9,59.8,61.3,60.2,,,,
2026-02-16T20:25:46+00:00,786,62.5,60.3,61.2,62.4,61.2,,,,
2026-02-16T20:55:46+00:00,787,63.6,61.6,62.0,63.2,62.0,,,,
2026-02-16T21:25:46+00:00,788,64.6,63.0,63.4,63.9,63.1,,,,
2026-02-16T21:55:46+00:00,789,65.7,64.1,64.5,64.2,63.7,,,,
2026-02-16T22:25:46+00:00,790,66.1,64.6,65.0,64.6,63.9,,,,
2026-02-16T22:55:46+00:00,791,65.7,64.3,64.4,64.0,63.2,,,,
2026-02-16T23:25:46+00:00,792,64.1,63.3,62.5,62.5,61.4,,,,
2026-02-16T23:55:46+00:00,793,61.6,60.7,59.3,59.9,57.8,,,,
2026-02-16T01:10:00+00:00,794,61.1,52.8,54.9,58.2,50.0,,,,
2026-02-16T01:20:00+00:00,795,60.0,49.2,52.7,56.9,47.5,,,,
2026-02-16T01:30:00+00:00,796,58.3,50.2,52.1,55.1,45.9,,,,
2026-02-16T01:40:00+00:00,797,56.7,49.4,50.9,53.7,44.6,,,,
2026-02-16T01:50:00+00:00,798,55.8,50.1,50.5,53.4,45.0,,,,
2026-02-16T02:00:00+00:00,799,54.9,50.6,50.2,53.1,45.5,,,,
2026-02-16T02:10:00+00:00,800,54.2,50.5,48.8,52.6,45.0,,,,
2026-02-16T02:20:00+00:00,801,51.4,47.6,44.7,50.1,41.8,,,,
2026-02-16T02:30:00+00:00,802,51.7,48.3,46.1,50.0,42.1,,,,
2026-02-16T02:40:00+00:00,803,50.0,46.8,43.5,49.2,41.2,,,,
2026-02-16T02:50:00+00:00,804,49.2,46.4,43.3,48.5,40.9,,,,
2026-02-16T03:00:00+00:00,805,48.8,47.2,43.2,48.1,40.2,,,,
2026-02-16T03:10:00+00:00,806,46.5,45.0,38.5,46.7,38.8,,,,
2026-02-16T03:20:00+00:00,807,44.8,44.0,37.6,44.7,36.2,,,,
2026-02-16T03:30:00+00:00,808,44.1,43.6,38.0,44.2,35.3,,,,
2026-02-16T03:40:00+00:00,809,43.5,42.8,37.2,43.4,34.3,,,,
2026-02-16T03:50:00+00:00,810,41.7,41.7,35.3,42.5,33.0,,,,
2026-02-16T04:00:00+00:00,811,40.8,41.4,34.1,42.1,32.6,,,,
2026-02-16T04:10:00+00:00,812,40.3,41.3,33.9,41.5,31.9,,,,
2026-02-16T04:20:00+00:00,813,39.9,40.9,33.5,41.5,31.8,,,,
2026-02-16T04:30:00+00:00,814,39.9,41.1,34.3,41.6,31.8,,,,
2026-02-16T04:40:00+00:00,815,38.9,41.2,34.9,41.6,32.4,,,,
2026-02-16T04:50:00+00:00,816,38.4,40.9,35.2,41.3,32.0,,,,
2026-02-16T05:00:00+00:00,817,37.3,40.8,34.5,40.6,31.5,,,,
2026-02-16T05:10:00+00:00,818,37.1,41.5,34.6,40.4,31.5,,,,
2026-02-16T05:20:00+00:00,819,37.7,41.6,35.0,40.6,32.0,,,,
2026-02-16T05:30:00+00:00,820,38.4,41.8,35.1,40.4,32.3,,,,
2026-02-16T05:40:00+00:00,821,37.7,41.7,35.9,40.8,33.0,,,,
2026-02-16T05:50:00+00:00,822,36.9,42.1,36.9,41.0,34.0,,,,
2026-02-16T06:00:00+00:00,823,36.7,42.2,37.7,41.1,35.7,,,,
2026-02-16T06:10:00+00:00,824,37.8,42.8,38.9,41.2,37.2,,,,
2026-02-16T06:20:00+00:00,825,40.2,43.4,40.7,42.2,38.9,,,,
2026-02-16T06:30:00+00:00,826,41.4,43.4,40.6,42.6,39.7,,,,
2026-02-16T06:40:00+00:00,827,42.8,44.1,41.3,43.6,40.5,,,,
2026-02-16T06:50:00+00:00,828,44.8,44.9,42.6,45.5,41.9,,,,
2026-02-16T07:00:00+00:00,829,45.2,45.2,42.6,46.6,42.4,,,,
2026-02-16T07:10:00+00:00,830,46.1,46.5,43.9,47.8,43.4,,,,
2026-02-16T07:20:00+00:00,831,47.2,47.3,45.0,48.8,44.2,,,,
2026-02-16T07:30:00+00:00,832,47.1,46.8,44.6,49.0,44.4,,,,
2026-02-16T07:40:00+00:00,833,47.4,47.1,44.9,49.3,44.6,,,,
2026-02-16T07:50:00+00:00,834,47.7,47.2,45.1,49.7,44.9,,,,
2026-02-16T08:00:00+00:00,835,47.9,47.4,45.3,49.9,45.2,,,,
2026-02-16T08:10:00+00:00,836,49.2,48.6,46.7,50.9,46.3,,,,
2026-02-16T08:20:00+00:00,837,50.8,50.1,48.3,52.1,47.7,,,,
2026-02-16T08:30:00+00:00,838,51.9,51.5,49.8,52.9,48.7,,,,
2026-02-16T08:40:00+00:00,839,53.4,52.6,51.3,54.2,50.3,,,,
2026-02-16T08:50:00+00:00,840,53.5,52.8,51.2,54.3,50.4,,,,
2026-02-16T09:00:00+00:00,841,54.8,54.2,52.5,55.1,51.3,,,,
2026-02-16T09:10:00+00:00,842,56.8,55.6,54.4,56.1,52.6,,,,
2026-02-16T09:20:00+00:00,843,57.3,55.9,54.7,56.7,53.3,,,,
2026-02-16T09:30:00+00:00,844,58.1,57.0,55.9,57.3,53.9,,,,
2026-02-16T09:40:00+00:00,845,58.5,57.2,56.2,57.5,54.2,,,,
2026-02-16T09:50:00+00:00,846,58.5,57.2,56.2,57.7,54.5,,,,
2026-02-16T10:00:00+00:00,847,59.5,58.1,57.7,58.4,55.4,,,,
2026-02-16T10:10:00+00:00,848,60.0,58.3,58.0,59.0,56.1,,,,
2026-02-16T10:20:00+00:00,849,60.8,59.0,58.7,59.4,56.7,,,,
2026-02-16T10:30:00+00:00,850,61.5,59.8,59.6,59.9,57.4,,,,
2026-02-16T10:40:00+00:00,851,62.3,60.6,60.5,60.5,58.1,,,,
2026-02-16T10:50:00+00:00,852,62.7,61.1,60.9,60.8,58.6,,,,
2026-02-16T11:00:00+00:00,853,63.4,61.7,61.5,61.1,59.0,,,,
2026-02-16T11:10:00+00:00,854,64.0,62.3,62.4,61.8,59.8,,,,
2026-02-16T11:20:00+00:00,855,64.3,62.6,62.7,62.1,60.2,,,,
2026-02-16T11:30:00+00:00,856,64.6,62.9,63.0,62.3,60.6,,,,
2026-02-16T11:40:00+00:00,857,64.9,63.2,63.4,62.6,61.0,,,,
2026-02-16T11:50:00+00:00,858,65.0,63.3,63.4,62.7,61.1,,,,
2026-02-16T12:00:00+00:00,859,65.0,63.4,63.4,62.8,61.3,,,,
2026-02-16T12:10:00+00:00,860,63.3,61.7,61.5,61.9,60.1,,,,
2026-02-16T12:20:00+00:00,861,61.8,60.2,59.8,60.6,58.5,,,,
2026-02-16T12:30:00+00:00,862,61.3,59.7,59.2,60.3,58.2,,,,
2026-02-16T12:40:00+00:00,863,61.0,59.4,58.7,59.9,57.8,,,,
2026-02-16T12:50:00+00:00,864,60.4,59.1,58.3,59.6,57.5,,,,
2026-02-16T13:00:00+00:00,865,59.9,58.7,57.9,59.4,57.1,,,,
2026-02-16T13:10:00+00:00,866,59.4,58.0,57.4,59.0,56.7,,,,
2026-02-16T13:20:00+00:00,867,59.0,57.5,56.8,58.7,56.4,,,,
2026-02-16T13:30:00+00:00,868,57.9,56.5,55.6,58.0,55.5,,,,
2026-02-16T13:40:00+00:00,869,56.9,55.4,54.5,57.3,54.7,,,,
2026-02-16T13:50:00+00:00,870,56.2,54.7,53.7,56.8,54.1,,,,
2026-02-16T14:00:00+00:00,871,55.3,54.1,52.8,56.3,53.5,,,,
2026-02-16T14:10:00+00:00,872,54.2,53.2,51.9,55.7,52.7,,,,
2026-02-16T14:20:00+00:00,873,53.8,52.7,51.5,55.4,52.4,,,,
2026-02-16T14:30:00+00:00,874,53.6,52.6,51.4,55.2,52.2,,,,
2026-02-16T14:40:00+00:00,875,53.4,52.3,51.2,55.1,52.0,,,,
2026-02-16T14:50:00+00:00,876,53.6,52.5,51.4,55.3,52.3,,,,
2026-02-16T15:00:00+00:00,877,53.9,52.7,51.8,55.5,52.5,,,,
2026-02-16T15:10:00+00:00,878,53.9,52.8,51.8,55.6,52.7,,,,
2026-02-16T15:20:00+00:00,879,54.2,52.9,52.0,55.8,52.9,,,,
2026-02-16T15:30:00+00:00,880,54.3,53.0,52.1,55.8,52.9,,,,
2026-02-16T15:40:00+00:00,881,54.6,53.1,52.3,56.0,53.2,,,,
2026-02-16T15:50:00+00:00,882,54.8,53.2,52.5,56.1,53.4,,,,
2026-02-16T16:00:00+00:00,883,54.9,53.2,52.5,56.1,53.4,,,,
2026-02-16T16:10:00+00:00,884,55.4,53.6,53.0,56.5,53.8,,,,
2026-02-16T16:20:00+00:00,885,56.0,54.0,53.5,56.9,54.3,,,,
2026-02-16T16:30:00+00:00,886,56.6,54.7,54.3,57.3,54.9,,,,
2026-02-16T16:40:00+00:00,887,57.6,55.9,55.3,58.1,55.8,,,,
2026-02-16T16:50:00+00:00,888,57.8,56.2,55.9,58.5,56.4,,,,
2026-02-16T17:00:00+00:00,889,58.5,56.9,56.7,59.0,57.1,,,,
2026-02-16T17:10:00+00:00,890,58.6,56.9,56.7,59.2,57.3,,,,
2026-02-16T17:20:00+00:00,891,58.9,57.0,57.1,59.3,57.5,,,,
2026-02-16T17:30:00+00:00,892,59.1,57.2,57.3,59.4,57.6,,,,
2026-02-16T17:40:00+00:00,893,59.2,57.2,57.3,59.5,57.7,,,,
2026-02-16T17:50:00+00:00,894,58.9,57.0,57.0,59.3,57.5,,,,
2026-02-16T18:00:00+00:00,895,58.7,56.7,56.7,59.1,57.3,,,,
2026-02-16T18:10:00+00:00,896,58.6,56.8,56.6,59.0,57.2,,,,
2026-02-16T18:20:00+00:00,897,58.4,56.5,56.3,59.0,57.1,,,,
2026-02-16T18:30:00+00:00,898,58.5,56.5,56.4,59.0,57.1,,,,
2026-02-16T18:40:00+00:00,899,58.6,56.6,56.6,59.1,57.3,,,,
2026-02-16T18:50:00+00:00,900,59.1,57.3,57.2,59.5,57.7,,,,
2026-02-16T19:00:00+00:00,901,59.4,57.4,57.5,59.7,58.0,,,,
2026-02-16T19:10:00+00:00,902,59.5,57.5,57.8,59.8,58.1,,,,
2026-02-16T19:20:00+00:00,903,60.1,58.3,58.5,60.3,58.7,,,,
2026-02-16T19:30:00+00:00,904,60.3,58.1,58.7,60.5,59.0,,,,
2026-02-16T19:40:00+00:00,905,60.8,58.6,59.3,61.1,59.6,,,,
2026-02-16T19:50:00+00:00,906,61.3,59.2,59.8,61.5,60.2,,,,
2026-02-16T20:00:00+00:00,907,61.5,59.4,60.1,61.8,60.5,,,,
2026-02-16T20:10:00+00:00,908,61.8,59.8,60.4,62.1,60.9,,,,
2026-02-16T20:20:00+00:00,909,62.4,60.2,61.1,62.5,61.4,,,,
2026-02-16T20:30:00+00:00,910,63.2,61.0,61.8,63.0,62.0,,,,
2026-02-16T20:40:00+00:00,911,63.6,61.4,62.0,63.0,62.1,,,,
2026-02-16T20:50:00+00:00,912,63.6,61.8,62.2,63.1,62.1,,,,
2026-02-16T21:00:00+00:00,913,64.1,62.3,62.7,63.5,62.6,,,,
2026-02-16T21:10:00+00:00,914,64.6,62.9,63.2,63.7,62.9,,,,
2026-02-16T21:20:00+00:00,915,64.8,63.1,63.5,63.8,63.1,,,,
2026-02-16T21:30:00+00:00,916,65.2,63.5,63.9,64.1,63.4,,,,
2026-02-16T21:40:00+00:00,917,65.5,63.9,64.2,64.2,63.6,,,,
2026-02-16T21:50:00+00:00,918,65.7,64.1,64.5,64.3,63.7,,,,
2026-02-16T22:00:00+00:00,919,65.8,64.2,64.6,64.4,63.9,,,,
2026-02-16T22:10:00+00:00,920,66.1,64.5,64.8,64.5,63.9,,,,
2026-02-16T22:20:00+00:00,921,66.2,64.7,64.9,64.5,63.9,,,,
2026-02-16T22:30:00+00:00,922,66.2,64.6,64.9,64.4,63.7,,,,
2026-02-16T22:40:00+00:00,923,66.0,64.5,64.7,64.2,63.5,,,,
2026-02-16T22:50:00+00:00,924,65.8,64.3,64.3,64.0,63.2,,,,
2026-02-16T23:00:00+00:00,925,65.5,64.2,64.0,63.6,62.8,,,,
2026-02-16T23:10:00+00:00,926,64.9,63.8,63.4,63.2,62.3,,,,
2026-02-16T23:20:00+00:00,927,63.9,63.1,62.5,62.5,61.3,,,,
2026-02-16T23:30:00+00:00,928,63.1,62.4,61.3,61.7,60.3,,,,
2026-02-16T23:40:00+00:00,929,62.2,61.9,60.5,61.0,59.3,,,,
2026-02-16T23:50:00+00:00,930,61.3,60.6,59.3,59.9,57.8,,,,
2026-02-17T00:25:46+00:00,931,56.8,55.5,54.6,56.5,53.3,,,,
2026-02-17T00:55:46+00:00,932,53.3,49.0,50.4,54.0,47.7,,,,
2026-02-17T01:25:46+00:00,933,50.0,44.5,43.3,50.5,40.9,,,,
2026-02-17T01:55:46+00:00,934,45.3,40.3,38.1,46.1,34.0,,,,
2026-02-17T02:25:46+00:00,935,40.3,38.4,30.7,41.6,30.8,,,,
2026-02-17T02:55:46+00:00,936,34.8,33.9,26.5,37.3,27.6,,,,
2026-02-17T03:25:46+00:00,937,32.2,32.7,24.0,36.3,27.0,,,,
2026-02-17T03:55:46+00:00,938,31.1,31.5,24.2,35.2,25.4,,,,
2026-02-17T04:25:46+00:00,939,28.8,30.2,22.4,33.9,24.2,,,,
2026-02-17T04:55:46+00:00,940,26.3,30.2,22.3,33.7,24.4,,,,
2026-02-17T05:25:46+00:00,941,25.6,30.3,22.2,33.0,23.9,,,,
2026-02-17T05:55:46+00:00,942,33.8,38.5,32.9,38.4,30.7,,,,
2026-02-17T06:25:48+00:00,943,37.0,40.4,36.9,40.0,36.1,,,,
2026-02-17T06:55:46+00:00,944,41.4,42.3,39.3,43.4,39.3,,,,
2026-02-17T07:25:46+00:00,945,44.0,43.2,41.0,46.5,41.5,,,,
2026-02-17T07:55:46+00:00,946,46.8,46.8,44.5,49.1,44.2,,,,
2026-02-17T08:25:46+00:00,947,47.5,47.2,44.8,50.0,45.3,,,,
2026-02-17T08:55:46+00:00,948,48.6,48.0,45.9,51.0,46.4,,,,
2026-02-17T09:25:46+00:00,949,50.7,49.9,48.3,52.6,48.3,,,,
2026-02-17T09:55:46+00:00,950,53.8,52.9,51.6,54.7,50.8,,,,
2026-02-17T10:25:46+00:00,951,55.2,53.6,52.7,55.7,52.1,,,,
2026-02-17T10:55:46+00:00,952,59.0,57.4,56.9,58.4,55.4,,,,
2026-02-17T11:25:46+00:00,953,63.5,62.1,62.1,62.0,59.9,,,,
2026-02-17T11:55:46+00:00,954,66.9,65.1,65.8,64.4,63.0,,,,
2026-02-17T12:25:46+00:00,955,67.1,64.9,66.2,65.0,64.0,,,,
2026-02-17T12:55:48+00:00,956,65.4,63.2,63.7,63.7,62.3,,,,
2026-02-17T13:25:46+00:00,957,65.5,63.5,63.8,63.6,62.3,,,,
2026-02-17T13:55:46+00:00,958,65.8,63.9,64.2,64.0,62.6,,,,
2026-02-17T14:25:46+00:00,959,67.3,65.4,66.0,65.0,64.1,,,,
2026-02-17T14:55:46+00:00,960,71.1,68.8,69.5,68.3,68.3,,,,
2026-02-17T15:25:46+00:00,961,71.0,68.6,70.2,68.5,68.5,,,,
2026-02-17T15:55:46+00:00,962,72.3,68.7,70.8,69.3,69.4,,,,
2026-02-17T16:25:46+00:00,963,72.4,69.7,71.7,69.4,69.7,,,,
2026-02-17T16:55:46+00:00,964,73.8,71.8,73.4,70.5,71.2,,,,
2026-02-17T17:25:46+00:00,965,74.2,71.6,73.9,70.7,71.8,,,,
2026-02-17T17:55:46+00:00,966,75.0,72.2,74.7,71.4,72.4,,,,
2026-02-17T18:25:46+00:00,967,75.6,73.2,75.0,71.4,72.7,,,,
2026-02-17T18:55:46+00:00,968,75.2,72.9,75.0,71.4,72.6,,,,
2026-02-17T19:25:46+00:00,969,75.1,73.2,75.4,72.0,73.3,,,,
2026-02-17T19:55:46+00:00,970,75.0,72.3,75.2,72.0,73.3,,,,
2026-02-17T20:25:46+00:00,971,75.9,73.2,76.2,72.7,74.1,,,,
2026-02-17T20:55:46+00:00,972,74.8,71.7,74.4,71.9,73.2,,,,
2026-02-17T21:25:46+00:00,973,64.5,62.0,62.5,63.6,62.7,,,,
2026-02-17T21:55:46+00:00,974,62.9,60.9,61.1,62.5,61.4,,,,
2026-02-17T22:25:46+00:00,975,62.0,60.4,60.0,61.3,59.7,,,,
2026-02-17T22:55:46+00:00,976,61.6,59.8,59.6,60.7,59.0,,,,
2026-02-17T23:25:46+00:00,977,60.3,59.3,58.4,59.8,57.8,,,,
2026-02-17T23:55:46+00:00,978,57.1,56.4,55.0,57.3,54.4,,,,
2026-02-18T00:25:46+00:00,979,51.7,50.7,49.7,53.6,49.6,,,,
2026-02-18T00:55:46+00:00,980,49.6,46.1,46.3,51.1,44.6,,,,
2026-02-18T01:25:46+00:00,981,47.5,42.5,40.5,48.1,38.8,,,,
2026-02-18T01:55:46+00:00,982,41.6,38.2,34.8,43.7,32.2,,,,
2026-02-18T02:25:46+00:00,983,36.5,34.6,28.1,40.2,29.8,,,,
2026-02-18T02:55:46+00:00,984,33.9,33.2,25.7,37.1,27.6,,,,
2026-02-18T03:25:46+00:00,985,31.3,31.9,24.0,35.9,27.0,,,,
2026-02-18T03:55:46+00:00,986,30.0,30.7,23.4,34.7,25.5,,,,
2026-02-18T04:25:46+00:00,987,28.0,30.2,22.1,33.5,24.1,,,,
2026-02-18T04:55:46+00:00,988,27.1,31.7,23.1,32.9,24.0,,,,
2026-02-18T05:25:46+00:00,989,26.0,31.8,23.2,32.3,23.6,,,,
2026-02-18T05:55:46+00:00,990,26.2,32.1,25.2,32.6,25.0,,,,
2026-02-18T06:25:46+00:00,991,30.0,33.4,27.8,33.9,29.0,,,,
2026-02-18T06:55:46+00:00,992,35.4,36.5,32.3,38.6,33.3,,,,
2026-02-18T07:25:46+00:00,993,37.4,37.8,34.1,41.8,35.5,,,,
2026-02-18T07:55:46+00:00,994,39.2,39.0,35.8,43.6,37.3,,,,
2026-02-18T08:25:46+00:00,995,41.2,40.8,38.0,45.2,39.0,,,,
2026-02-18T08:55:46+00:00,996,41.8,41.2,38.8,46.2,40.3,,,,
2026-02-18T09:25:46+00:00,997,43.0,42.0,39.7,46.8,40.9,,,,
2026-02-18T09:55:46+00:00,998,43.7,42.7,40.7,47.7,42.2,,,,
2026-02-18T10:25:46+00:00,999,44.5,43.3,41.4,48.4,43.0,,,,
2026-02-18T10:55:46+00:00,1000,45.7,44.4,42.8,49.3,44.1,,,,
2026-02-18T11:25:46+00:00,1001,47.5,45.9,44.6,50.8,46.0,,,,
2026-02-18T11:55:46+00:00,1002,49.2,47.7,46.6,52.4,48.0,,,,
2026-02-18T12:25:46+00:00,1003,49.4,48.4,46.9,52.7,48.5,,,,
2026-02-18T12:55:46+00:00,1004,49.7,48.1,47.0,52.8,48.7,,,,
2026-02-18T13:25:46+00:00,1005,48.7,47.5,46.0,52.1,47.9,,,,
2026-02-18T13:55:46+00:00,1006,49.1,47.7,46.3,52.1,47.9,,,,
2026-02-18T14:25:46+00:00,1007,50.0,48.8,47.4,53.0,49.2,,,,
2026-02-18T14:55:46+00:00,1008,50.7,49.5,48.4,53.6,50.0,,,,
2026-02-18T15:25:46+00:00,1009,51.2,50.4,49.3,54.7,51.3,,,,
2026-02-18T15:55:46+00:00,1010,52.9,52.2,51.4,55.7,52.5,,,,
2026-02-18T16:25:46+00:00,1011,56.8,55.1,55.1,58.1,55.3,,,,
2026-02-18T16:55:46+00:00,1012,57.1,55.5,55.7,58.7,56.4,,,,
2026-02-18T17:25:47+00:00,1013,58.4,56.8,57.0,60.0,57.6,,,,
2026-02-18T17:55:47+00:00,1014,60.9,59.3,59.5,61.3,59.3,,,,
2026-02-18T18:25:47+00:00,1015,60.3,58.0,58.7,60.7,58.8,,,,
2026-02-18T18:55:47+00:00,1016,55.5,53.7,53.0,58.0,55.5,,,,
2026-02-18T19:25:47+00:00,1017,52.0,50.5,49.6,55.2,51.9,,,,
2026-02-18T19:55:47+00:00,1018,54.5,53.7,52.4,56.4,53.4,,,,
2026-02-18T20:25:46+00:00,1019,55.3,53.8,52.9,57.1,54.6,,,,
2026-02-18T20:55:47+00:00,1020,53.6,52.3,51.4,56.2,53.3,,,,
2026-02-18T21:25:46+00:00,1021,49.1,47.3,46.5,52.8,48.8,,,,
2026-02-18T21:55:46+00:00,1022,48.9,47.6,46.4,52.2,48.0,,,,
2026-02-18T22:25:46+00:00,1023,48.1,47.0,45.4,51.6,47.2,,,,
2026-02-18T22:55:46+00:00,1024,48.2,47.1,45.6,51.8,47.5,,,,
2026-02-18T23:25:46+00:00,1025,47.3,46.7,44.7,51.2,46.7,,,,
2026-02-18T23:55:46+00:00,1026,45.8,44.7,43.1,49.3,44.3,,,,
2026-02-19T00:25:46+00:00,1027,44.6,43.0,41.4,48.0,42.2,,,,
2026-02-19T00:55:47+00:00,1028,41.5,38.0,37.6,45.8,38.3,,,,
2026-02-19T01:25:47+00:00,1029,38.6,34.6,31.6,42.6,33.0,,,,
2026-02-19T01:55:47+00:00,1030,34.4,31.1,27.8,39.0,27.6,,,,
2026-02-19T02:25:47+00:00,1031,30.3,28.8,22.3,36.3,26.1,,,,
2026-02-19T02:55:47+00:00,1032,28.6,27.9,21.4,34.2,24.4,,,,
2026-02-19T03:25:47+00:00,1033,25.7,26.1,18.6,32.2,22.7,,,,
2026-02-19T03:55:47+00:00,1034,24.2,25.1,18.4,30.2,20.1,,,,
2026-02-19T04:25:47+00:00,1035,23.5,24.4,17.4,29.5,19.5,,,,
2026-02-19T04:55:47+00:00,1036,22.3,25.1,17.7,29.5,20.0,,,,
2026-02-19T05:25:47+00:00,1037,22.9,25.1,18.7,29.3,19.7,,,,
2026-02-19T05:55:47+00:00,1038,22.9,25.7,19.8,30.1,21.7,,,,
2026-02-19T06:25:47+00:00,1039,24.5,25.9,21.1,30.5,23.8,,,,
2026-02-19T06:55:47+00:00,1040,27.9,28.4,23.8,35.4,28.1,,,,
2026-02-19T07:25:47+00:00,1041,34.8,34.2,31.0,40.8,34.2,,,,
2026-02-19T07:55:47+00:00,1042,33.5,33.0,29.4,40.6,33.5,,,,
2026-02-19T08:25:48+00:00,1043,32.7,32.1,28.9,39.4,32.2,,,,
2026-02-19T08:55:47+00:00,1044,33.0,32.2,28.6,40.9,33.5,,,,
2026-02-19T09:25:47+00:00,1045,37.5,36.6,33.7,42.9,36.3,,,,
2026-02-19T09:55:47+00:00,1046,43.5,42.4,40.7,47.5,41.9,,,,
2026-02-19T10:25:47+00:00,1047,43.3,41.7,40.4,48.6,43.3,,,,
2026-02-19T10:55:47+00:00,1048,43.5,42.4,40.7,48.7,43.1,,,,
2026-02-19T11:25:47+00:00,1049,44.5,42.9,41.9,49.5,44.7,,,,
2026-02-19T11:55:47+00:00,1050,46.9,45.1,44.4,51.2,46.7,,,,
2026-02-19T12:25:47+00:00,1051,51.6,50.0,49.8,54.9,51.3,,,,
2026-02-19T12:55:47+00:00,1052,56.3,54.2,54.4,57.9,55.2,,,,
2026-02-19T13:25:47+00:00,1053,60.5,58.2,58.7,61.2,59.1,,,,
2026-02-19T13:55:47+00:00,1054,64.9,62.6,63.8,64.0,62.5,,,,
2026-02-19T14:25:47+00:00,1055,67.9,66.0,66.8,66.4,65.1,,,,
2026-02-19T14:55:47+00:00,1056,67.6,65.3,67.3,66.7,66.2,,,,
2026-02-19T15:25:47+00:00,1057,69.1,66.5,68.7,68.1,67.7,,,,
2026-02-19T15:55:47+00:00,1058,70.9,67.5,70.3,69.5,68.7,,,,
2026-02-19T16:25:47+00:00,1059,72.0,69.3,71.8,70.3,70.7,,,,
2026-02-19T16:55:47+00:00,1060,73.5,70.9,72.8,70.6,71.0,,,,
2026-02-19T17:25:47+00:00,1061,74.6,72.1,74.2,71.2,71.7,,,,
2026-02-19T17:55:47+00:00,1062,74.4,72.0,74.0,71.3,71.8,,,,
2026-02-19T18:25:47+00:00,1063,75.2,72.4,74.8,72.3,73.2,,,,
2026-02-19T18:55:47+00:00,1064,74.1,71.0,73.7,71.4,72.0,,,,
2026-02-19T19:25:47+00:00,1065,73.8,,73.6,71.5,71.8,,,,
2026-02-19T19:55:47+00:00,1066,73.7,71.3,73.5,71.7,72.3,,,,
2026-02-19T20:25:47+00:00,1067,74.9,72.3,74.5,72.2,72.9,,,,
2026-02-19T20:55:47+00:00,1068,74.2,71.8,73.5,72.1,72.7,,,,
2026-02-19T21:25:47+00:00,1069,74.3,71.6,74.0,72.3,73.0,,,,
2026-02-19T21:55:47+00:00,1070,74.9,71.6,74.2,72.7,73.5,,,,
2026-02-19T22:25:47+00:00,1071,75.3,72.5,74.9,72.8,73.7,,,,
2026-02-19T22:55:47+00:00,1072,67.9,65.2,66.0,68.4,68.7,,,,
2026-02-19T23:25:47+00:00,1073,60.1,58.6,57.6,60.7,58.8,,,,
2026-02-19T23:55:47+00:00,1074,54.8,54.3,52.4,56.4,53.2,,,,
2026-02-20T00:25:47+00:00,1075,50.9,49.5,48.2,53.5,48.9,,,,
2026-02-20T00:55:47+00:00,1076,48.6,45.0,45.7,51.2,44.4,,,,
2026-02-20T01:25:47+00:00,1077,46.2,40.8,39.4,48.8,39.0,,,,
2026-02-20T01:55:47+00:00,1078,43.0,37.3,36.3,44.6,32.6,,,,
2026-02-20T02:25:47+00:00,1079,38.4,35.3,28.5,41.6,31.2,,,,
2026-02-20T02:55:47+00:00,1080,34.4,31.3,25.7,38.5,28.1,,,,
2026-02-20T03:25:47+00:00,1081,32.3,29.9,23.7,36.2,26.8,,,,
2026-02-20T03:55:47+00:00,1082,30.8,30.2,24.5,34.7,24.6,,,,
2026-02-20T04:25:47+00:00,1083,35.2,34.7,29.1,37.9,27.1,,,,
2026-02-20T04:55:47+00:00,1084,34.6,37.4,31.3,38.3,28.8,,,,
2026-02-20T05:25:47+00:00,1085,35.4,39.5,32.7,38.0,29.1,,,,
2026-02-20T05:55:47+00:00,1086,34.8,40.8,35.4,38.9,31.5,,,,
2026-02-20T06:25:47+00:00,1087,38.7,41.5,38.0,39.7,36.5,,,,
2026-02-20T06:55:47+00:00,1088,43.1,43.5,40.9,43.7,40.0,,,,
2026-02-20T07:25:47+00:00,1089,45.0,44.1,42.1,47.1,42.2,,,,
2026-02-20T07:55:47+00:00,1090,46.2,46.1,43.9,48.4,43.3,,,,
2026-02-20T08:25:47+00:00,1091,46.5,45.9,43.9,49.3,44.0,,,,
2026-02-20T08:55:47+00:00,1092,49.8,49.1,47.5,51.7,47.0,,,,
2026-02-20T09:25:47+00:00,1093,50.1,48.9,47.7,51.9,47.2,,,,
2026-02-20T09:55:47+00:00,1094,53.7,52.4,51.3,54.6,50.4,,,,
2026-02-20T10:25:47+00:00,1095,58.2,56.1,55.7,57.6,54.0,,,,
2026-02-20T10:55:47+00:00,1096,60.7,58.6,,60.2,57.3,,,,
2026-02-20T11:26:02+00:00,1097,63.8,61.3,61.8,62.1,59.8,,,,
2026-02-20T11:55:47+00:00,1098,66.5,63.7,65.0,64.2,62.4,,,,
2026-02-20T12:25:47+00:00,1099,69.2,67.0,68.1,66.1,64.7,,,,
2026-02-20T12:55:47+00:00,1100,70.4,67.9,69.1,66.7,65.6,,,,
2026-02-20T13:25:47+00:00,1101,70.6,67.9,69.4,67.1,66.3,,,,
2026-02-20T13:55:47+00:00,1102,70.4,67.8,69.0,67.3,66.6,,,,
2026-02-20T14:25:47+00:00,1103,70.4,68.3,69.5,67.7,67.2,,,,
2026-02-20T14:55:47+00:00,1104,73.6,70.2,72.6,69.4,69.5,,,,
2026-02-20T15:25:47+00:00,1105,74.1,71.3,73.2,70.1,70.1,,,,
2026-02-20T15:55:47+00:00,1106,75.2,72.0,74.2,71.0,71.3,,,,
2026-02-20T16:25:47+00:00,1107,76.8,74.0,76.1,72.3,72.9,,,,
2026-02-20T16:55:47+00:00,1108,76.9,73.9,76.5,72.6,73.4,,,,
2026-02-20T17:25:47+00:00,1109,77.8,74.7,77.4,73.0,74.1,,,,
2026-02-20T17:55:47+00:00,1110,77.8,74.8,77.3,73.0,74.0,,,,
2026-02-21T14:18:24+00:00,1111,59.0,57.3,56.9,58.6,56.3,,,,
2026-02-21T14:48:24+00:00,1112,59.5,57.3,57.3,59.0,56.6,,,,
2026-02-21T15:18:25+00:00,1113,60.0,58.3,58.3,59.5,57.3,,,,
2026-02-21T15:48:24+00:00,1114,61.1,58.7,58.8,60.2,58.3,,,,
2026-02-21T16:18:24+00:00,1115,61.1,59.1,59.4,60.4,58.6,,,,
2026-02-21T16:48:24+00:00,1116,60.8,58.9,58.9,60.4,58.6,,,,
2026-02-21T17:18:24+00:00,1117,61.3,59.5,59.5,60.9,59.3,,,,
2026-02-21T17:48:24+00:00,1118,59.5,57.5,57.3,59.3,57.4,,,,
2026-02-21T18:18:24+00:00,1119,58.4,56.3,56.2,58.8,56.7,,,,
2026-02-21T18:48:24+00:00,1120,58.4,56.6,56.7,58.8,56.8,,,,
2026-02-21T19:18:24+00:00,1121,57.9,56.0,56.0,58.8,56.7,,,,
2026-02-21T19:48:24+00:00,1122,57.2,55.1,55.1,58.1,55.9,,,,
2026-02-21T20:18:24+00:00,1123,57.3,55.1,55.2,58.1,56.0,,,,
2026-02-21T20:48:24+00:00,1124,57.8,55.4,55.9,58.5,56.5,,,,
2026-02-21T21:18:24+00:00,1125,58.7,56.6,57.0,59.2,57.5,,,,
2026-02-21T21:48:24+00:00,1126,60.0,57.7,58.3,60.3,58.7,,,,
2026-02-21T22:18:24+00:00,1127,60.5,58.2,58.6,60.5,59.2,,,,
2026-02-21T22:48:25+00:00,1128,60.0,58.0,58.4,60.2,58.6,,,,
2026-02-21T23:19:41+00:00,1129,58.4,55.8,56.2,58.8,57.0,,,,
2026-02-21T23:49:41+00:00,1130,54.8,53.4,52.5,55.9,53.2,,,,
2026-02-21T13:40:00+00:00,1131,59.3,57.3,57.7,58.8,56.4,,,,
2026-02-21T13:50:00+00:00,1132,59.2,57.0,57.1,58.8,56.4,,,,
2026-02-21T14:00:00+00:00,1133,59.0,57.0,56.8,58.8,56.4,,,,
2026-02-21T14:10:00+00:00,1134,58.9,57.0,56.8,58.6,56.3,,,,
2026-02-21T14:20:00+00:00,1135,59.1,57.1,56.9,58.8,56.4,,,,
2026-02-21T14:30:00+00:00,1136,59.1,57.2,57.1,58.9,56.6,,,,
2026-02-21T14:40:00+00:00,1137,59.2,57.3,57.1,59.0,56.6,,,,
2026-02-21T14:50:00+00:00,1138,59.5,57.5,57.5,59.1,56.8,,,,
2026-02-21T15:00:00+00:00,1139,59.8,57.7,57.8,59.3,57.1,,,,
2026-02-21T15:10:00+00:00,1140,60.0,58.1,58.2,59.5,57.3,,,,
2026-02-21T15:20:00+00:00,1141,60.5,58.3,58.5,59.7,57.7,,,,
2026-02-21T15:30:00+00:00,1142,60.5,58.6,58.6,59.9,57.9,,,,
2026-02-21T15:40:00+00:00,1143,60.9,58.6,58.9,60.1,58.2,,,,
2026-02-21T15:50:00+00:00,1144,61.1,58.9,59.0,60.3,58.4,,,,
2026-02-21T16:00:00+00:00,1145,61.1,59.1,59.2,60.4,58.6,,,,
2026-02-21T16:10:00+00:00,1146,61.3,59.1,59.3,60.3,58.5,,,,
2026-02-21T16:20:00+00:00,1147,61.3,59.0,59.3,60.5,58.7,,,,
2026-02-21T16:30:00+00:00,1148,61.2,58.9,59.2,60.4,58.7,,,,
2026-02-21T16:40:00+00:00,1149,61.0,59.0,59.0,60.4,58.6,,,,
2026-02-21T16:50:00+00:00,1150,60.9,59.1,59.1,60.5,58.7,,,,
2026-02-21T17:00:00+00:00,1151,61.2,59.4,59.5,60.7,59.0,,,,
2026-02-21T17:10:00+00:00,1152,61.4,59.5,59.6,60.8,59.2,,,,
2026-02-21T17:20:00+00:00,1153,60.4,58.5,58.7,60.4,58.6,,,,
2026-02-21T17:30:00+00:00,1154,59.5,57.7,57.7,59.7,57.8,,,,
2026-02-21T17:40:00+00:00,1155,59.3,57.5,57.4,59.4,57.5,,,,
2026-02-21T17:50:00+00:00,1156,58.8,56.8,56.8,59.1,57.0,,,,
2026-02-21T18:00:00+00:00,1157,58.7,56.9,56.7,59.0,57.0,,,,
2026-02-21T18:10:00+00:00,1158,58.4,56.5,56.4,58.8,56.7,,,,
2026-02-21T18:20:00+00:00,1159,58.2,56.4,56.3,58.7,56.6,,,,
2026-02-21T18:30:00+00:00,1160,58.4,56.5,56.4,58.8,56.7,,,,
2026-02-21T18:40:00+00:00,1161,58.4,56.6,56.5,58.9,56.8,,,,
2026-02-21T18:50:00+00:00,1162,58.5,56.5,56.5,59.0,57.0,,,,
2026-02-21T19:00:00+00:00,1163,58.4,56.4,56.4,59.0,57.0,,,,
2026-02-21T19:10:00+00:00,1164,58.1,56.0,56.1,58.8,56.8,,,,
2026-02-21T19:20:00+00:00,1165,57.6,55.4,55.4,58.5,56.4,,,,
2026-02-21T19:30:00+00:00,1166,57.3,55.0,55.2,58.3,56.2,,,,
2026-02-21T19:40:00+00:00,1167,57.1,55.1,55.0,58.1,56.0,,,,
2026-02-21T19:50:00+00:00,1168,57.1,55.0,55.0,58.2,56.0,,,,
2026-02-21T20:00:00+00:00,1169,57.1,55.1,55.1,58.1,56.0,,,,
2026-02-21T20:10:00+00:00,1170,57.2,55.1,55.1,58.0,55.9,,,,
2026-02-21T20:20:00+00:00,1171,57.3,55.2,55.2,58.1,56.0,,,,
2026-02-21T20:30:00+00:00,1172,57.5,55.3,55.4,58.2,56.1,,,,
2026-02-21T20:40:00+00:00,1173,57.8,55.6,55.8,58.4,56.4,,,,
2026-02-21T20:50:00+00:00,1174,58.1,55.9,56.2,58.7,56.7,,,,
2026-02-21T21:00:00+00:00,1175,58.4,56.2,56.6,59.0,57.1,,,,
2026-02-21T21:10:00+00:00,1176,58.8,56.6,57.0,59.2,57.4,,,,
2026-02-21T21:20:00+00:00,1177,59.3,56.9,57.5,59.6,57.9,,,,
2026-02-21T21:30:00+00:00,1178,59.6,57.3,57.9,59.9,58.2,,,,
2026-02-21T21:40:00+00:00,1179,60.0,57.8,58.2,60.2,58.6,,,,
2026-02-21T21:50:00+00:00,1180,60.3,57.9,58.6,60.4,58.9,,,,
2026-02-21T22:00:00+00:00,1181,60.5,58.2,58.6,60.6,59.2,,,,
2026-02-21T22:10:00+00:00,1182,60.6,58.2,58.5,60.7,59.3,,,,
2026-02-21T22:20:00+00:00,1183,60.5,58.2,58.6,60.6,59.1,,,,
2026-02-21T22:30:00+00:00,1184,60.3,57.9,58.5,60.4,58.9,,,,
2026-02-21T22:40:00+00:00,1185,60.1,57.9,58.4,60.2,58.6,,,,
2026-02-21T22:50:00+00:00,1186,59.8,56.7,57.9,59.8,58.2,,,,
2026-02-21T23:00:00+00:00,1187,59.2,56.3,57.3,59.4,57.7,,,,
2026-02-21T23:10:00+00:00,1188,58.6,56.1,56.6,58.9,57.2,,,,
2026-02-21T23:20:00+00:00,1189,57.8,55.5,55.6,58.2,56.2,,,,
2026-02-21T23:30:00+00:00,1190,56.4,54.6,54.2,57.1,55.0,,,,
2026-02-21T23:40:00+00:00,1191,55.0,53.6,52.7,56.1,53.5,,,,
2026-02-21T23:50:00+00:00,1192,53.6,52.7,51.4,55.1,52.2,,,,
2026-02-22T00:19:41+00:00,1193,51.2,48.9,48.4,52.6,48.8,,,,
2026-02-22T00:49:41+00:00,1194,47.8,43.7,44.7,50.1,44.0,,,,
2026-02-22T01:19:41+00:00,1195,45.6,40.2,40.2,48.4,40.0,,,,
2026-02-22T01:49:41+00:00,1196,42.3,36.0,36.9,44.0,33.5,,,,
2026-02-22T02:19:41+00:00,1197,38.8,34.7,28.4,41.9,31.5,,,,
2026-02-22T02:49:41+00:00,1198,34.2,31.8,25.7,37.7,27.4,,,,
2026-02-22T03:19:41+00:00,1199,31.3,31.3,23.9,36.7,26.6,,,,
2026-02-22T03:49:41+00:00,1200,30.7,31.2,24.1,35.1,25.5,,,,
2026-02-22T04:19:41+00:00,1201,28.7,30.2,22.7,33.9,24.3,,,,
2026-02-22T04:49:41+00:00,1202,27.2,31.7,23.4,33.6,24.6,,,,
2026-02-22T05:19:41+00:00,1203,26.2,32.7,23.0,32.4,24.1,,,,
2026-02-22T05:49:41+00:00,1204,25.2,30.8,23.2,32.0,24.1,,,,
2026-02-22T06:19:41+00:00,1205,26.6,30.1,24.2,32.4,26.8,,,,
2026-02-22T06:49:41+00:00,1206,28.7,30.2,25.4,34.2,28.3,,,,
2026-02-22T07:19:41+00:00,1207,28.9,30.3,25.3,35.6,29.0,,,,
2026-02-22T07:49:41+00:00,1208,41.6,41.5,39.4,45.3,39.7,,,,
2026-02-22T08:19:41+00:00,1209,44.5,43.5,42.3,48.0,42.8,,,,
2026-02-22T08:49:41+00:00,1210,47.2,45.6,45.1,50.0,45.2,,,,
2026-02-22T09:19:41+00:00,1211,49.3,48.0,47.1,51.3,46.7,,,,
2026-02-22T09:49:41+00:00,1212,53.0,51.1,51.0,54.8,51.1,,,,
2026-02-22T10:19:41+00:00,1213,58.2,55.7,56.5,58.4,55.4,,,,
2026-02-22T10:49:41+00:00,1214,60.3,57.0,58.8,60.2,57.8,,,,
2026-02-22T11:19:41+00:00,1215,61.7,58.6,60.3,61.3,59.3,,,,
2026-02-22T11:49:41+00:00,1216,63.2,59.9,61.6,62.2,60.6,,,,
2026-02-22T12:19:41+00:00,1217,63.7,60.4,61.8,62.6,61.1,,,,
2026-02-22T12:49:41+00:00,1218,63.7,60.8,62.2,62.8,61.3,,,,
2026-02-22T13:19:41+00:00,1219,64.0,61.0,61.6,62.9,61.5,,,,
2026-02-22T13:49:41+00:00,1220,63.9,60.8,62.1,63.1,61.8,,,,
2026-02-22T14:19:41+00:00,1221,64.3,61.8,62.9,63.6,62.6,,,,
2026-02-22T14:49:41+00:00,1222,65.4,62.3,64.0,64.4,63.5,,,,
2026-02-22T15:19:41+00:00,1223,66.0,62.9,65.4,65.4,64.7,,,,
2026-02-22T15:49:41+00:00,1224,67.4,63.4,66.9,66.7,66.4,,,,
2026-02-22T16:19:41+00:00,1225,68.7,64.1,68.3,67.9,67.6,,,,
2026-02-22T16:49:41+00:00,1226,69.5,64.9,69.7,68.5,69.4,,,,
2026-02-22T17:19:41+00:00,1227,63.9,60.6,62.6,65.2,64.8,,,,
2026-02-22T17:49:41+00:00,1228,54.6,53.0,52.3,56.2,53.7,,,,
2026-02-22T18:19:41+00:00,1229,53.4,52.1,51.0,55.0,52.2,,,,
2026-02-22T18:49:41+00:00,1230,55.3,53.7,53.1,56.2,53.7,,,,
2026-02-22T19:19:41+00:00,1231,56.8,55.2,54.9,57.2,54.7,,,,
2026-02-22T19:49:41+00:00,1232,57.7,56.0,55.8,57.8,55.5,,,,
2026-02-22T20:19:41+00:00,1233,58.2,56.8,56.4,58.6,56.6,,,,
2026-02-22T20:49:41+00:00,1234,59.3,57.5,57.9,59.4,57.5,,,,
2026-02-22T21:19:41+00:00,1235,60.3,57.7,58.7,60.1,58.6,,,,
2026-02-22T21:49:41+00:00,1236,61.3,59.1,59.9,60.8,59.5,,,,
2026-02-22T22:19:41+00:00,1237,62.0,60.0,60.7,61.3,60.0,,,,
2026-02-22T22:49:41+00:00,1238,62.0,60.0,60.5,61.3,60.0,,,,
2026-02-22T23:19:41+00:00,1239,61.1,59.4,59.3,60.3,58.8,,,,
2026-02-22T23:49:41+00:00,1240,58.4,57.8,56.4,58.0,55.6,,,,
2026-02-23T00:19:41+00:00,1241,55.2,53.2,52.7,55.9,52.7,,,,
2026-02-23T00:49:41+00:00,1242,50.8,47.0,48.2,53.7,48.3,,,,
2026-02-23T01:19:41+00:00,1243,47.9,41.1,41.6,50.5,42.9,,,,
2026-02-23T01:49:41+00:00,1244,44.9,38.0,38.6,45.7,35.2,,,,
2026-02-23T02:19:41+00:00,1245,39.2,34.3,28.2,43.5,32.9,,,,
2026-02-23T02:49:41+00:00,1246,35.2,31.6,25.5,40.0,29.5,,,,
2026-02-23T03:19:41+00:00,1247,31.6,30.4,22.6,38.0,27.7,,,,
2026-02-23T03:49:41+00:00,1248,31.3,30.4,25.1,36.6,26.7,,,,
2026-02-23T04:19:41+00:00,1249,29.4,29.5,22.7,35.6,26.1,,,,
2026-02-23T04:49:41+00:00,1250,28.0,31.0,24.2,36.0,27.4,,,,
2026-02-23T05:19:41+00:00,1251,32.3,36.8,29.6,38.6,30.5,,,,
2026-02-23T05:49:41+00:00,1252,32.1,38.3,31.8,40.0,33.4,,,,
2026-02-23T06:19:41+00:00,1253,34.1,35.8,31.8,39.4,35.3,,,,
2026-02-23T06:49:41+00:00,1254,37.6,37.5,34.6,42.3,37.2,,,,
2026-02-23T07:19:41+00:00,1255,39.5,39.2,36.6,45.1,39.6,,,,
2026-02-23T07:49:41+00:00,1256,42.4,41.3,39.7,46.9,41.5,,,,
2026-02-23T08:19:41+00:00,1257,42.2,41.3,39.7,46.7,41.2,,,,
2026-02-23T08:49:41+00:00,1258,43.0,41.8,40.3,47.7,42.4,,,,
2026-02-23T09:19:46+00:00,1259,45.6,44.1,43.1,49.8,44.9,,,,
2026-02-23T09:49:41+00:00,1260,44.5,43.2,41.7,48.8,43.8,,,,
2026-02-23T10:19:41+00:00,1261,47.4,45.8,44.9,50.8,46.3,,,,
2026-02-23T10:49:41+00:00,1262,48.0,45.7,45.7,51.5,47.1,,,,
2026-02-23T11:19:41+00:00,1263,51.1,49.0,48.9,53.7,49.9,,,,
2026-02-23T11:49:41+00:00,1264,54.4,52.0,52.2,55.5,52.1,,,,
2026-02-23T12:19:41+00:00,1265,55.1,53.2,53.1,56.4,53.2,,,,
2026-02-23T12:49:41+00:00,1266,59.7,57.2,57.9,59.5,57.0,,,,
2026-02-23T13:19:41+00:00,1267,62.0,58.9,60.0,61.3,59.2,,,,
2026-02-23T13:49:41+00:00,1268,62.3,59.2,60.8,62.0,60.1,,,,
2026-02-23T14:19:41+00:00,1269,63.4,60.2,61.7,62.8,61.4,,,,
2026-02-23T14:49:41+00:00,1270,64.2,60.8,63.0,63.7,62.5,,,,
2026-02-23T15:19:41+00:00,1271,64.4,60.9,62.7,63.5,62.3,,,,
2026-02-23T15:49:41+00:00,1272,64.1,60.6,62.3,63.2,61.8,,,,
2026-02-23T16:19:41+00:00,1273,63.2,60.4,61.6,63.0,61.7,,,,
2026-02-23T16:49:41+00:00,1274,63.7,60.5,62.7,63.7,62.7,,,,
2026-02-23T17:19:41+00:00,1275,60.6,57.9,58.6,61.3,59.7,,,,
2026-02-23T17:49:41+00:00,1276,58.5,56.7,56.3,58.4,55.9,,,,
2026-02-23T18:19:41+00:00,1277,59.1,57.4,57.2,58.9,56.5,,,,
2026-02-23T18:49:41+00:00,1278,60.4,58.7,58.8,60.0,58.0,,,,
2026-02-23T19:19:41+00:00,1279,61.3,59.4,59.5,60.4,58.5,,,,
2026-02-23T19:49:41+00:00,1280,62.5,60.6,60.8,61.5,60.0,,,,
2026-02-23T20:19:41+00:00,1281,64.8,62.7,63.4,63.0,61.8,,,,
2026-02-23T20:49:41+00:00,1282,66.5,64.2,65.3,64.0,63.1,,,,
2026-02-23T21:19:41+00:00,1283,67.9,65.6,66.7,65.1,64.5,,,,
2026-02-23T21:49:41+00:00,1284,68.6,66.7,67.9,65.8,65.3,,,,
2026-02-23T22:19:41+00:00,1285,69.4,67.3,68.5,66.2,66.0,,,,
2026-02-23T22:49:41+00:00,1286,68.6,66.6,67.1,65.3,64.7,,,,
2026-02-23T23:19:41+00:00,1287,66.2,64.5,64.8,63.5,62.5,,,,
2026-02-23T23:49:41+00:00,1288,61.5,61.1,59.8,60.0,58.0,,,,
2026-02-24T00:19:41+00:00,1289,57.4,55.3,54.8,56.9,53.7,,,,
2026-02-24T00:49:41+00:00,1290,52.4,48.6,49.7,53.9,48.7,,,,
2026-02-24T01:19:41+00:00,1291,49.2,43.6,44.3,51.2,44.2,,,,
2026-02-24T01:49:41+00:00,1292,46.5,40.3,41.1,46.9,37.6,,,,
2026-02-24T02:19:41+00:00,1293,41.1,37.0,30.5,45.2,35.5,,,,
2026-02-24T02:49:41+00:00,1294,38.2,36.0,29.1,41.8,31.8,,,,
2026-02-24T03:19:41+00:00,1295,33.9,33.5,25.0,39.7,29.9,,,,
2026-02-24T03:49:41+00:00,1296,31.4,32.1,25.0,37.7,28.3,,,,
2026-02-24T04:19:41+00:00,1297,30.1,31.7,24.2,35.9,27.1,,,,
2026-02-24T04:49:42+00:00,1298,27.7,32.3,24.5,35.7,27.5,,,,
2026-02-24T05:19:41+00:00,1299,25.9,31.9,23.6,34.4,26.5,,,,
2026-02-24T05:49:41+00:00,1300,25.8,33.3,25.6,34.7,27.7,,,,
2026-02-24T06:19:42+00:00,1301,28.8,32.5,27.4,35.2,30.7,,,,
2026-02-24T06:49:42+00:00,1302,32.0,33.2,28.6,38.2,32.3,,,,
2026-02-24T07:19:42+00:00,1303,32.5,33.2,29.0,38.7,32.2,,,,
2026-02-24T07:49:42+00:00,1304,37.8,37.9,34.5,42.9,36.8,,,,
2026-02-24T08:19:42+00:00,1305,39.2,39.4,36.3,44.3,38.4,,,,
2026-02-24T08:49:42+00:00,1306,41.1,40.9,38.5,46.2,40.5,,,,
2026-02-24T09:19:42+00:00,1307,42.3,41.6,39.5,46.9,41.2,,,,
2026-02-24T09:49:42+00:00,1308,43.9,42.8,41.2,48.3,42.9,,,,
2026-02-24T10:19:42+00:00,1309,48.3,46.3,45.9,51.7,47.0,,,,
2026-02-24T10:49:42+00:00,1310,51.8,49.4,49.5,54.5,50.4,,,,
2026-02-24T11:19:42+00:00,1311,54.3,52.1,52.4,56.6,53.1,,,,
2026-02-24T11:49:42+00:00,1312,57.4,54.4,55.3,58.4,55.4,,,,
2026-02-24T12:19:42+00:00,1313,59.0,56.0,57.0,60.0,57.4,,,,
2026-02-24T12:49:42+00:00,1314,59.4,57.2,58.0,60.9,58.6,,,,
2026-02-24T13:19:42+00:00,1315,60.7,58.0,58.6,61.4,59.2,,,,
2026-02-24T13:49:42+00:00,1316,60.1,57.0,58.2,61.2,59.1,,,,
2026-02-24T14:19:42+00:00,1317,59.0,56.3,57.5,60.5,58.0,,,,
2026-02-24T14:49:42+00:00,1318,62.9,59.5,61.0,62.6,60.7,,,,
2026-02-24T15:19:42+00:00,1319,48.8,46.9,46.1,52.4,48.5,,,,
2026-02-24T15:49:42+00:00,1320,49.9,48.6,47.4,51.9,47.5,,,,
2026-02-24T16:19:42+00:00,1321,51.4,49.6,48.8,53.0,48.8,,,,
2026-02-24T16:49:42+00:00,1322,51.5,50.5,49.4,53.7,49.7,,,,
2026-02-24T17:19:42+00:00,1323,51.9,50.5,49.4,54.0,50.2,,,,
2026-02-24T17:49:42+00:00,1324,53.0,51.6,50.7,54.7,51.0,,,,
2026-02-24T18:19:42+00:00,1325,52.9,51.5,50.7,54.6,50.9,,,,
2026-02-24T18:49:42+00:00,1326,53.6,52.3,51.4,55.2,51.6,,,,
2026-02-24T19:19:42+00:00,1327,54.4,52.9,52.3,55.8,52.4,,,,
2026-02-24T19:49:42+00:00,1328,54.8,53.7,52.8,55.8,52.4,,,,
2026-02-24T20:19:42+00:00,1329,55.8,54.4,53.7,56.4,53.3,,,,
2026-02-24T20:49:42+00:00,1330,56.3,54.3,54.0,56.9,53.9,,,,
2026-02-24T21:19:42+00:00,1331,56.1,54.3,53.8,57.0,54.0,,,,
2026-02-24T21:49:42+00:00,1332,55.3,53.8,53.3,56.5,53.4,,,,
2026-02-24T22:19:42+00:00,1333,55.8,54.2,53.5,56.7,53.7,,,,
2026-02-24T22:49:42+00:00,1334,55.6,53.6,52.9,56.3,53.2,,,,
2026-02-24T23:19:42+00:00,1335,52.0,50.5,49.7,53.6,49.9,,,,
2026-02-24T23:49:42+00:00,1336,47.7,46.8,44.9,50.2,45.5,,,,
2026-02-25T00:19:42+00:00,1337,43.0,40.8,39.9,46.1,40.4,,,,
2026-02-25T00:49:42+00:00,1338,39.0,36.3,35.3,43.5,35.6,,,,
2026-02-25T01:19:42+00:00,1339,37.3,33.6,32.9,41.2,31.5,,,,
2026-02-25T01:49:42+00:00,1340,34.7,31.1,30.0,36.4,25.3,,,,
2026-02-25T02:19:42+00:00,1341,30.8,28.1,25.9,33.6,22.5,,,,
2026-02-25T02:49:42+00:00,1342,28.0,26.0,22.8,29.0,18.5,,,,
2026-02-25T03:19:42+00:00,1343,26.1,25.1,21.3,27.3,17.3,,,,
2026-02-25T03:49:42+00:00,1344,26.4,25.9,21.6,27.3,18.2,,,,
2026-02-25T04:19:42+00:00,1345,29.3,28.7,25.2,30.2,20.6,,,,
2026-02-25T04:49:42+00:00,1346,31.8,30.3,27.6,30.7,21.4,,,,
2026-02-25T05:19:42+00:00,1347,35.4,34.2,31.7,32.7,23.8,,,,
2026-02-25T05:49:42+00:00,1348,34.6,33.6,30.7,31.5,23.5,,,,
2026-02-25T06:19:42+00:00,1349,34.0,33.5,30.3,32.6,28.2,,,,
2026-02-25T06:49:42+00:00,1350,36.2,35.0,32.7,37.5,31.7,,,,
2026-02-25T07:19:42+00:00,1351,37.7,36.1,34.1,40.1,33.7,,,,
2026-02-25T07:49:42+00:00,1352,38.4,37.0,34.6,41.5,35.0,,,,
2026-02-25T08:19:45+00:00,1353,38.7,37.4,35.7,42.8,36.2,,,,
2026-02-25T08:49:42+00:00,1354,39.5,38.1,36.3,42.9,36.2,,,,
